--
-- PostgreSQL database dump
--

\restrict Nz605cSa5j8fVv4HhuLkFZtXDfqEdpQPQehOH5k9Deo0qb1BWExeGUin4BEjc8J

-- Dumped from database version 16.13
-- Dumped by pg_dump version 16.13

SET statement_timeout = 0;
SET lock_timeout = 0;
SET idle_in_transaction_session_timeout = 0;
SET client_encoding = 'UTF8';
SET standard_conforming_strings = on;
SELECT pg_catalog.set_config('search_path', '', false);
SET check_function_bodies = false;
SET xmloption = content;
SET client_min_messages = warning;
SET row_security = off;

--
-- Name: public; Type: SCHEMA; Schema: -; Owner: staffing_user
--

-- *not* creating schema, since initdb creates it


ALTER SCHEMA public OWNER TO staffing_user;

--
-- Name: SCHEMA public; Type: COMMENT; Schema: -; Owner: staffing_user
--

COMMENT ON SCHEMA public IS '';


--
-- Name: AppRole; Type: TYPE; Schema: public; Owner: staffing_user
--

CREATE TYPE public."AppRole" AS ENUM (
    'viewer',
    'editor',
    'admin'
);


ALTER TYPE public."AppRole" OWNER TO staffing_user;

--
-- Name: Division; Type: TYPE; Schema: public; Owner: staffing_user
--

CREATE TYPE public."Division" AS ENUM (
    'operations',
    'engineering',
    'pmso'
);


ALTER TYPE public."Division" OWNER TO staffing_user;

--
-- Name: ProjectPriority; Type: TYPE; Schema: public; Owner: staffing_user
--

CREATE TYPE public."ProjectPriority" AS ENUM (
    'high',
    'medium',
    'low'
);


ALTER TYPE public."ProjectPriority" OWNER TO staffing_user;

--
-- Name: ProjectStatus; Type: TYPE; Schema: public; Owner: staffing_user
--

CREATE TYPE public."ProjectStatus" AS ENUM (
    'in_progress',
    'on_hold',
    'completed'
);


ALTER TYPE public."ProjectStatus" OWNER TO staffing_user;

--
-- Name: ResourceType; Type: TYPE; Schema: public; Owner: staffing_user
--

CREATE TYPE public."ResourceType" AS ENUM (
    'federal',
    'contractor'
);


ALTER TYPE public."ResourceType" OWNER TO staffing_user;

SET default_tablespace = '';

SET default_table_access_method = heap;

--
-- Name: assignments; Type: TABLE; Schema: public; Owner: staffing_user
--

CREATE TABLE public.assignments (
    id text NOT NULL,
    resource_id text NOT NULL,
    project_id text NOT NULL,
    role_id text,
    percent_utilized double precision DEFAULT 0 NOT NULL,
    start_date timestamp(3) without time zone,
    end_date timestamp(3) without time zone,
    notes text,
    is_active boolean DEFAULT true NOT NULL,
    created_at timestamp(3) without time zone DEFAULT CURRENT_TIMESTAMP NOT NULL,
    updated_at timestamp(3) without time zone NOT NULL
);


ALTER TABLE public.assignments OWNER TO staffing_user;

--
-- Name: audit_logs; Type: TABLE; Schema: public; Owner: staffing_user
--

CREATE TABLE public.audit_logs (
    id text NOT NULL,
    actor_id text,
    action text NOT NULL,
    entity_type text NOT NULL,
    entity_id text,
    details jsonb,
    ip_address text,
    created_at timestamp(3) without time zone DEFAULT CURRENT_TIMESTAMP NOT NULL
);


ALTER TABLE public.audit_logs OWNER TO staffing_user;

--
-- Name: functional_areas; Type: TABLE; Schema: public; Owner: staffing_user
--

CREATE TABLE public.functional_areas (
    id text NOT NULL,
    name text NOT NULL,
    division public."Division",
    sort_order integer DEFAULT 0 NOT NULL
);


ALTER TABLE public.functional_areas OWNER TO staffing_user;

--
-- Name: products; Type: TABLE; Schema: public; Owner: staffing_user
--

CREATE TABLE public.products (
    id text NOT NULL,
    name text NOT NULL,
    description text,
    is_active boolean DEFAULT true NOT NULL
);


ALTER TABLE public.products OWNER TO staffing_user;

--
-- Name: projects; Type: TABLE; Schema: public; Owner: staffing_user
--

CREATE TABLE public.projects (
    id text NOT NULL,
    name text NOT NULL,
    product_id text,
    priority public."ProjectPriority",
    status public."ProjectStatus" DEFAULT 'in_progress'::public."ProjectStatus" NOT NULL,
    start_date timestamp(3) without time zone,
    end_date timestamp(3) without time zone,
    description text,
    is_active boolean DEFAULT true NOT NULL,
    created_at timestamp(3) without time zone DEFAULT CURRENT_TIMESTAMP NOT NULL,
    updated_at timestamp(3) without time zone NOT NULL
);


ALTER TABLE public.projects OWNER TO staffing_user;

--
-- Name: resources; Type: TABLE; Schema: public; Owner: staffing_user
--

CREATE TABLE public.resources (
    id text NOT NULL,
    resource_type public."ResourceType" NOT NULL,
    first_name text NOT NULL,
    last_name text NOT NULL,
    division public."Division" NOT NULL,
    functional_area_id text,
    is_supervisor boolean DEFAULT false NOT NULL,
    ops_eng_lead text,
    supervisor_id text,
    second_line_supervisor_id text,
    gs_level text,
    is_matrixed boolean,
    pop_start_date timestamp(3) without time zone,
    pop_end_date timestamp(3) without time zone,
    primary_role_id text,
    secondary_role_id text,
    available_for_work boolean DEFAULT false NOT NULL,
    notes text,
    is_active boolean DEFAULT true NOT NULL,
    created_at timestamp(3) without time zone DEFAULT CURRENT_TIMESTAMP NOT NULL,
    updated_at timestamp(3) without time zone NOT NULL
);


ALTER TABLE public.resources OWNER TO staffing_user;

--
-- Name: roles; Type: TABLE; Schema: public; Owner: staffing_user
--

CREATE TABLE public.roles (
    id text NOT NULL,
    name text NOT NULL,
    sort_order integer DEFAULT 0 NOT NULL
);


ALTER TABLE public.roles OWNER TO staffing_user;

--
-- Name: users; Type: TABLE; Schema: public; Owner: staffing_user
--

CREATE TABLE public.users (
    id text NOT NULL,
    caia_id text NOT NULL,
    email text NOT NULL,
    display_name text NOT NULL,
    role public."AppRole" DEFAULT 'viewer'::public."AppRole" NOT NULL,
    is_active boolean DEFAULT true NOT NULL,
    created_at timestamp(3) without time zone DEFAULT CURRENT_TIMESTAMP NOT NULL,
    updated_at timestamp(3) without time zone NOT NULL
);


ALTER TABLE public.users OWNER TO staffing_user;

--
-- Data for Name: assignments; Type: TABLE DATA; Schema: public; Owner: staffing_user
--

COPY public.assignments (id, resource_id, project_id, role_id, percent_utilized, start_date, end_date, notes, is_active, created_at, updated_at) FROM stdin;
aed8b022-7d66-426c-9bed-04a1c05200ac	8fd8dfc8-9df0-43b4-8289-373b603d0959	752d5dfd-e8ef-41b3-a18a-fc3a3eec7491	eb9c8e2e-57d8-4c9e-b313-da211c891bff	1	\N	\N	\N	t	2026-03-21 00:32:12.142	2026-03-21 00:32:12.142
d64bf1e6-3ca4-473c-b83e-f624a413bf83	82db862b-c159-47e4-8c33-b4e432a3063b	6822c30b-b7fb-402c-9114-bfdca00fa97d	3a1be46d-8d83-49f9-9ae4-b98d6bce989f	0	\N	\N	\N	t	2026-03-21 00:32:12.153	2026-03-21 00:32:12.153
e041f998-ee43-4c7a-a796-0e44c75f2a6c	955aae8a-7700-4193-9a30-771a33cb3b10	46a141ca-bcee-48ac-b0cf-8581a10e7a6d	cc32d145-a9cb-46fc-8816-73c55be9f328	1	\N	\N	\N	t	2026-03-21 00:32:12.158	2026-03-21 00:32:12.158
f25358cc-0753-4204-9dd6-7d9a24225ff7	2c7acfd5-6e41-41bb-86cb-60f6e10e9d14	9dd83b23-9942-4654-a8a8-691ec1a2b7f4	8d4e818b-1150-484e-9975-5996632ea0b4	1	\N	\N	\N	t	2026-03-21 00:32:12.173	2026-03-21 00:32:12.173
cdb1eed0-478c-48bd-8b7d-6c843214cad7	2c7acfd5-6e41-41bb-86cb-60f6e10e9d14	f854f4d5-ae94-4505-bcc1-4d1485305069	8d4e818b-1150-484e-9975-5996632ea0b4	0	\N	\N	\N	t	2026-03-21 00:32:12.176	2026-03-21 00:32:12.176
542c29dd-84b3-49e9-9c27-c049326f3620	63cb0341-677e-4134-9699-711fa16c8ef8	774eb679-951f-4f84-9510-35f27e80f99e	cc32d145-a9cb-46fc-8816-73c55be9f328	0.5	\N	\N	\N	t	2026-03-21 00:32:12.181	2026-03-21 00:32:12.181
53e2c48e-b1c3-4ee3-a08f-a1fc975bfc30	24f56ac5-a1cd-4a56-b157-97d05a0e9521	cda6bb15-4149-4455-8055-d731152d6011	8d4e818b-1150-484e-9975-5996632ea0b4	0.25	\N	\N	\N	t	2026-03-21 00:32:12.184	2026-03-21 00:32:12.184
966acd19-2d19-4e3f-947b-6b37833be8a5	24f56ac5-a1cd-4a56-b157-97d05a0e9521	c4b1650d-508c-4ef7-983c-533197523b62	8d4e818b-1150-484e-9975-5996632ea0b4	0.25	\N	\N	\N	t	2026-03-21 00:32:12.186	2026-03-21 00:32:12.186
77ca0f58-c992-4df8-be5b-081bfc514063	24f56ac5-a1cd-4a56-b157-97d05a0e9521	433beeaf-a6f5-442b-a897-cbbc0df0474a	13ed1689-f388-47c6-9574-df77792b0ad3	0.25	\N	\N	\N	t	2026-03-21 00:32:12.187	2026-03-21 00:32:12.187
a4cd9e80-b189-4e92-94d5-5729e9baac17	24f56ac5-a1cd-4a56-b157-97d05a0e9521	db063801-b5c6-4e4b-ae3e-78bd832152de	13ed1689-f388-47c6-9574-df77792b0ad3	0.25	\N	\N	\N	t	2026-03-21 00:32:12.189	2026-03-21 00:32:12.189
c67f58fc-8704-4ce8-96a3-35cd6a6643f4	b1b999bb-ba82-4d0e-b839-bbd4c83dd951	d78763d1-c4bb-410b-8f97-1e0de882eee2	8d4e818b-1150-484e-9975-5996632ea0b4	0.33	\N	\N	\N	t	2026-03-21 00:32:12.194	2026-03-21 00:32:12.194
96a6fbb7-46a1-495e-a508-708b297f50a8	b1b999bb-ba82-4d0e-b839-bbd4c83dd951	14f942e1-7085-4647-b9ec-141ac5466474	8d4e818b-1150-484e-9975-5996632ea0b4	0.33	\N	\N	\N	t	2026-03-21 00:32:12.195	2026-03-21 00:32:12.195
b624e547-4663-4aa4-84e7-60c4c56d2dde	b1b999bb-ba82-4d0e-b839-bbd4c83dd951	12c18042-35ff-48c1-beb5-51bd535cdda9	8d4e818b-1150-484e-9975-5996632ea0b4	0.33	\N	\N	\N	t	2026-03-21 00:32:12.197	2026-03-21 00:32:12.197
c8fac5ef-28b0-4e99-8217-2a1b363dca66	562e4ec1-bd05-490b-bb3d-26b0a5468e42	14f942e1-7085-4647-b9ec-141ac5466474	cc32d145-a9cb-46fc-8816-73c55be9f328	1	\N	\N	\N	t	2026-03-21 00:32:12.2	2026-03-21 00:32:12.2
4764166f-288e-4819-a76b-21f626eb3ee0	e3484fce-5c78-40f9-b6f8-88f8d4d6041b	774eb679-951f-4f84-9510-35f27e80f99e	fb57f70b-9279-4604-9bea-f0280638426e	1	\N	\N	\N	t	2026-03-21 00:32:12.202	2026-03-21 00:32:12.202
bca70a39-2501-4801-92cd-d8efe3ca4eba	470e29ef-5f07-435c-b64d-cca0a71b1044	d78763d1-c4bb-410b-8f97-1e0de882eee2	\N	0.5	\N	\N	\N	t	2026-03-21 00:32:12.205	2026-03-21 00:32:12.205
21bec2d1-54c0-4f22-974f-45e620c6d5df	470e29ef-5f07-435c-b64d-cca0a71b1044	f996cfa3-64b0-4b4f-8781-b9c2d1351271	\N	0.5	\N	\N	\N	t	2026-03-21 00:32:12.207	2026-03-21 00:32:12.207
ee3942f2-9118-4e7f-8646-d018bcc427cd	9dd4f72c-3b9e-4eb4-899f-22813e5a04be	774eb679-951f-4f84-9510-35f27e80f99e	1e82da28-aab0-44c5-b790-7a4a31a6ef62	0.5	\N	\N	\N	t	2026-03-21 00:32:12.211	2026-03-21 00:32:12.211
415b28e1-b1a8-4424-ac90-1d147f687ba2	ab44f1f3-9fef-45c7-a0e9-f06f61215048	9f1b1610-7329-47ce-9b95-903ca314e0ad	13ed1689-f388-47c6-9574-df77792b0ad3	0.25	\N	\N	\N	t	2026-03-21 00:32:12.213	2026-03-21 00:32:12.213
884c655c-106e-4ab2-8a3e-21598aab1b47	ab44f1f3-9fef-45c7-a0e9-f06f61215048	6bceec00-a090-4287-abca-924fe43ada26	13ed1689-f388-47c6-9574-df77792b0ad3	0.25	\N	\N	\N	t	2026-03-21 00:32:12.215	2026-03-21 00:32:12.215
59677f51-eecd-42ad-b198-ffedc51eb6ba	ab44f1f3-9fef-45c7-a0e9-f06f61215048	6d49cfa6-586b-4aa6-833a-49ea73694377	8d4e818b-1150-484e-9975-5996632ea0b4	0.25	\N	\N	\N	t	2026-03-21 00:32:12.217	2026-03-21 00:32:12.217
04434ae9-13c3-475f-ba56-3fcdb5f65446	ab44f1f3-9fef-45c7-a0e9-f06f61215048	db063801-b5c6-4e4b-ae3e-78bd832152de	13ed1689-f388-47c6-9574-df77792b0ad3	0.25	\N	\N	\N	t	2026-03-21 00:32:12.218	2026-03-21 00:32:12.218
5b2fce92-2e5d-40f3-94c9-49e7272d7431	71927f5d-7f17-4971-aa93-f4b8c0542cb2	27b7fac5-e878-4904-874b-897335514d4b	\N	0	\N	\N	\N	t	2026-03-21 00:32:12.22	2026-03-21 00:32:12.22
779a7cfb-700e-4e0d-aa47-e813f5ff57de	d11040db-11db-41ff-897f-562b4d77ae3d	00b740c4-e0b4-48bd-a840-5944ec96e660	\N	0	\N	\N	\N	t	2026-03-21 00:32:12.222	2026-03-21 00:32:12.222
4d9befaa-82b3-4405-a2aa-9ef74d70dc9f	b0469c4e-1549-4be2-b70d-175f3755d5ee	3dd4b2dc-5147-452c-a93d-887d310bed35	8d4e818b-1150-484e-9975-5996632ea0b4	1	\N	\N	\N	t	2026-03-21 00:32:12.224	2026-03-21 00:32:12.224
c70692c9-3da1-4c78-bc34-cfb1ad8a09ca	15c99a2d-17c0-4cad-b5fd-b0b6ce2a170c	5c8a9788-8ac1-4b1c-ac66-793b6a75a096	d5cc75ee-de89-4af0-8f9d-33eb45bd8c41	0	\N	\N	\N	t	2026-03-21 00:32:12.227	2026-03-21 00:32:12.227
0ee1b2db-4626-4f90-90c8-c71fce32c9f8	15c99a2d-17c0-4cad-b5fd-b0b6ce2a170c	6a759e2b-cc70-4fd5-b293-b376c3a38ee2	d5cc75ee-de89-4af0-8f9d-33eb45bd8c41	0	\N	\N	\N	t	2026-03-21 00:32:12.229	2026-03-21 00:32:12.229
9fc9d53e-1e87-4681-bbdb-517cbbc85e83	b43b8331-4834-4fec-b8c4-86377fd2ff40	0e2a7ee7-a8a0-4249-8843-438f238c5240	9b779f65-f628-445e-a63b-da75ef665cf3	1	\N	\N	\N	t	2026-03-21 00:32:12.232	2026-03-21 00:32:12.232
da66b780-eb28-4e5f-816b-a69fc3d018b0	2b3c3566-af5c-405d-954e-3f967b3960b2	eec14973-5dca-4d85-b489-72c67ecfb4a9	8d4e818b-1150-484e-9975-5996632ea0b4	0.5	\N	\N	\N	t	2026-03-21 00:32:12.234	2026-03-21 00:32:12.234
fb373fd4-df44-4995-9b0b-34dfb493aa31	dbe6f102-575f-4b33-87d4-d90797b61527	14f942e1-7085-4647-b9ec-141ac5466474	cc32d145-a9cb-46fc-8816-73c55be9f328	0.3	\N	\N	\N	t	2026-03-21 00:32:12.236	2026-03-21 00:32:12.236
22830699-fd13-4830-9562-68d5945e9c29	dbe6f102-575f-4b33-87d4-d90797b61527	6bceec00-a090-4287-abca-924fe43ada26	cc32d145-a9cb-46fc-8816-73c55be9f328	0.3	\N	\N	\N	t	2026-03-21 00:32:12.237	2026-03-21 00:32:12.237
cb11ac72-7903-4c67-9a90-535806eac798	dbe6f102-575f-4b33-87d4-d90797b61527	9f1b1610-7329-47ce-9b95-903ca314e0ad	cc32d145-a9cb-46fc-8816-73c55be9f328	0.3	\N	\N	\N	t	2026-03-21 00:32:12.238	2026-03-21 00:32:12.238
296ba2b1-1dfe-4fe0-b2f9-be9f6b6622af	e05411e4-fb72-4826-b150-87516c301bbf	6e44b68f-58fd-4d2c-ba84-4a62fa5e7095	cc32d145-a9cb-46fc-8816-73c55be9f328	0.5	\N	\N	\N	t	2026-03-21 00:32:12.24	2026-03-21 00:32:12.24
247dce0c-8773-47fd-9965-806d33d0be99	e05411e4-fb72-4826-b150-87516c301bbf	a8c4c473-5b2a-4085-a1a7-3eab4c4cb082	cc32d145-a9cb-46fc-8816-73c55be9f328	0.5	\N	\N	\N	t	2026-03-21 00:32:12.242	2026-03-21 00:32:12.242
14639e26-a2c8-4530-8092-0bc9d69633e8	b2b9362d-f3c1-4af1-9577-16f9078ef188	00b740c4-e0b4-48bd-a840-5944ec96e660	3a1be46d-8d83-49f9-9ae4-b98d6bce989f	0.1	\N	\N	\N	t	2026-03-21 00:32:12.244	2026-03-21 00:32:12.244
e01bdf73-8a7c-4d9c-9601-dec3ab45ccf2	a1ecbba9-3d32-4e36-b6fb-41a750b9ad81	4781a64a-8d32-44f9-b2cf-421c59dec883	cc32d145-a9cb-46fc-8816-73c55be9f328	1	\N	\N	\N	t	2026-03-21 00:32:12.246	2026-03-21 00:32:12.246
9ec8be15-faf6-4a2f-a1c1-b412ade3f801	dd8badbc-e53b-445f-b66e-186079013bb9	774eb679-951f-4f84-9510-35f27e80f99e	cc32d145-a9cb-46fc-8816-73c55be9f328	1	\N	\N	\N	t	2026-03-21 00:32:12.248	2026-03-21 00:32:12.248
cf21d898-4d62-4922-8da4-c6724b19a21c	ddfae2a3-d290-4e3f-a924-04f6eca2496f	6e44b68f-58fd-4d2c-ba84-4a62fa5e7095	8d4e818b-1150-484e-9975-5996632ea0b4	1	\N	\N	\N	t	2026-03-21 00:32:12.249	2026-03-21 00:32:12.249
2d499025-dacf-4d76-9cf5-4da94a6e829d	58f29c9c-645c-4c40-a915-549644da3474	aa2f64d7-88bc-491a-9d64-9ac06026d211	cc32d145-a9cb-46fc-8816-73c55be9f328	1	\N	\N	\N	t	2026-03-21 00:32:12.255	2026-03-21 00:32:12.255
9e7eaaa6-be14-4ee4-ab7d-86a76b6ce1d1	47c730c8-ca1e-4a75-bd76-9edbd50f9b89	aa2f64d7-88bc-491a-9d64-9ac06026d211	cc32d145-a9cb-46fc-8816-73c55be9f328	1	\N	\N	\N	t	2026-03-21 00:32:12.258	2026-03-21 00:32:12.258
3dbe993a-03c7-4b9b-85f4-50c188566123	656e2029-39cc-465c-9311-cbfe6ec9d341	9dd83b23-9942-4654-a8a8-691ec1a2b7f4	3a1be46d-8d83-49f9-9ae4-b98d6bce989f	0	\N	\N	\N	t	2026-03-21 00:32:12.261	2026-03-21 00:32:12.261
e07d33c2-bfc0-40b3-9c64-a35f1fba82c1	ce30d481-7da3-4e6d-a668-d0607a309719	8675e0dc-f867-4bc0-8501-7e51a27d6680	8d4e818b-1150-484e-9975-5996632ea0b4	1	\N	\N	\N	t	2026-03-21 00:32:12.264	2026-03-21 00:32:12.264
13f9a970-af69-4844-804f-f9603ba7da87	aa0fdbba-a1e5-412e-99d8-ede09b612bb5	23dc90db-8824-440e-afdf-2aed9b955450	13ed1689-f388-47c6-9574-df77792b0ad3	1	\N	\N	\N	t	2026-03-21 00:32:12.269	2026-03-21 00:32:12.269
74f8949e-b954-4c38-bce2-f03e6986ca28	c9d08626-f0ca-4b60-aa9b-c68ca8b25273	497babae-5629-4d29-8383-d7d560b27137	cc32d145-a9cb-46fc-8816-73c55be9f328	1	\N	\N	\N	t	2026-03-21 00:32:12.272	2026-03-21 00:32:12.272
dbbeed5d-7e7e-4e6e-8817-37f67c1d2d2f	ef5924a7-4536-4364-a3e2-ca036299b8a3	acdec3a1-7ba5-42e3-a991-686dd2befc3f	3a1be46d-8d83-49f9-9ae4-b98d6bce989f	0.25	\N	\N	\N	t	2026-03-21 00:32:12.275	2026-03-21 00:32:12.275
1f630531-b37c-4106-a6f6-1d0ffe85f772	ef5924a7-4536-4364-a3e2-ca036299b8a3	497babae-5629-4d29-8383-d7d560b27137	3a1be46d-8d83-49f9-9ae4-b98d6bce989f	0.25	\N	\N	\N	t	2026-03-21 00:32:12.276	2026-03-21 00:32:12.276
a7f1fdd7-a3cc-4966-9b88-74b174c29b17	ef5924a7-4536-4364-a3e2-ca036299b8a3	d2170c14-9ba6-444c-8bba-19961b7a6e54	3a1be46d-8d83-49f9-9ae4-b98d6bce989f	0.25	\N	\N	\N	t	2026-03-21 00:32:12.278	2026-03-21 00:32:12.278
7a89b5b3-7f43-48b9-a2f9-4c2d6ea9a198	ef5924a7-4536-4364-a3e2-ca036299b8a3	eec14973-5dca-4d85-b489-72c67ecfb4a9	3a1be46d-8d83-49f9-9ae4-b98d6bce989f	0.25	\N	\N	\N	t	2026-03-21 00:32:12.279	2026-03-21 00:32:12.279
b804f761-3fb0-4144-bf10-e0ed50b55a06	51b2e33b-6fc5-4559-bb06-b3a9edb3ed98	497babae-5629-4d29-8383-d7d560b27137	1e82da28-aab0-44c5-b790-7a4a31a6ef62	1	\N	\N	\N	t	2026-03-21 00:32:12.302	2026-03-21 00:32:12.302
d7496856-3cf9-456a-ad7c-fad797e351a0	392c9da3-cc9b-4e1c-8791-fac715fb0a81	4781a64a-8d32-44f9-b2cf-421c59dec883	cc32d145-a9cb-46fc-8816-73c55be9f328	0.5	\N	\N	\N	t	2026-03-21 00:32:12.304	2026-03-21 00:32:12.304
d8f496fd-e26f-4ca7-bd5a-09e1283c5642	392c9da3-cc9b-4e1c-8791-fac715fb0a81	46a141ca-bcee-48ac-b0cf-8581a10e7a6d	798f9f26-8bcb-42ef-ad25-c4dab4e6fb2c	0.5	\N	\N	\N	t	2026-03-21 00:32:12.305	2026-03-21 00:32:12.305
76e6406e-22f8-4644-91c2-3a33a7d6409a	5a215817-da36-4718-9de4-b97df55b3c97	4720672f-6845-48c4-b889-de4d8b430aaa	bd4a69f6-f9e3-480b-875f-24ede057ce31	0.8	\N	\N	\N	t	2026-03-21 00:32:12.307	2026-03-21 00:32:12.307
a4111ff9-543c-4cf7-989e-cc0ce5a4e2fa	5a215817-da36-4718-9de4-b97df55b3c97	00b740c4-e0b4-48bd-a840-5944ec96e660	bd4a69f6-f9e3-480b-875f-24ede057ce31	0.2	\N	\N	\N	t	2026-03-21 00:32:12.309	2026-03-21 00:32:12.309
4620224a-5fc9-4cb8-8151-0a7382bcd90d	ed308dc9-2f2c-446c-8164-c71086a8e517	774eb679-951f-4f84-9510-35f27e80f99e	1e82da28-aab0-44c5-b790-7a4a31a6ef62	1	\N	\N	\N	t	2026-03-21 00:32:12.311	2026-03-21 00:32:12.311
736ac4d3-2eea-4f6e-8dfd-07cc01294f65	24cd4978-ff37-4054-ac0c-35b66cb6bb0c	00b740c4-e0b4-48bd-a840-5944ec96e660	cc32d145-a9cb-46fc-8816-73c55be9f328	0	\N	\N	\N	t	2026-03-21 00:32:12.312	2026-03-21 00:32:12.312
0af97059-8324-4069-b5aa-1a7c8730dd05	9e7fae04-8d59-4cef-8468-6a00a501513d	9d18e989-8d8a-4f27-b80e-112f061115bf	798f9f26-8bcb-42ef-ad25-c4dab4e6fb2c	0.33	\N	\N	\N	t	2026-03-21 00:32:12.315	2026-03-21 00:32:12.315
0382f0bf-5af9-45aa-93c0-91369c653eaa	9e7fae04-8d59-4cef-8468-6a00a501513d	57645fce-bc64-4d57-b390-5ee3312e270e	798f9f26-8bcb-42ef-ad25-c4dab4e6fb2c	0.33	\N	\N	\N	t	2026-03-21 00:32:12.316	2026-03-21 00:32:12.316
27a04ac0-5d1f-46ff-829e-f31e784d81f5	9e7fae04-8d59-4cef-8468-6a00a501513d	7ea211aa-b857-42e5-8436-731f6083a164	798f9f26-8bcb-42ef-ad25-c4dab4e6fb2c	0.33	\N	\N	\N	t	2026-03-21 00:32:12.318	2026-03-21 00:32:12.318
552ac6b1-1d0f-4061-bb6e-4e7d035d936c	47037311-989f-46fb-aaa7-79170e2a4077	d2170c14-9ba6-444c-8bba-19961b7a6e54	eb9c8e2e-57d8-4c9e-b313-da211c891bff	0.5	\N	\N	\N	t	2026-03-21 00:32:12.32	2026-03-21 00:32:12.32
31dbba85-881b-4d5b-b1cc-f379b909104f	47037311-989f-46fb-aaa7-79170e2a4077	acdec3a1-7ba5-42e3-a991-686dd2befc3f	eb9c8e2e-57d8-4c9e-b313-da211c891bff	0.5	\N	\N	\N	t	2026-03-21 00:32:12.321	2026-03-21 00:32:12.321
85d0b0fb-4e72-4035-ac9a-bfb6bac51026	cb9db173-c3d1-49bf-91d0-1e77fd6adca5	774eb679-951f-4f84-9510-35f27e80f99e	fb57f70b-9279-4604-9bea-f0280638426e	0.25	\N	\N	\N	t	2026-03-21 00:32:12.322	2026-03-21 00:32:12.322
c15e99f0-39bc-4972-8fc4-c63e6cf7d5dc	cb9db173-c3d1-49bf-91d0-1e77fd6adca5	57645fce-bc64-4d57-b390-5ee3312e270e	fb57f70b-9279-4604-9bea-f0280638426e	0.25	\N	\N	\N	t	2026-03-21 00:32:12.324	2026-03-21 00:32:12.324
fd93c072-ed18-42d4-b7bd-f7c6e2f070b4	cb9db173-c3d1-49bf-91d0-1e77fd6adca5	1a66a875-d550-46cf-8564-6dacd258a1be	fb57f70b-9279-4604-9bea-f0280638426e	0.25	\N	\N	\N	t	2026-03-21 00:32:12.326	2026-03-21 00:32:12.326
e7c0c023-7479-4c5e-9b01-6a2d3a35f99f	cb9db173-c3d1-49bf-91d0-1e77fd6adca5	acdec3a1-7ba5-42e3-a991-686dd2befc3f	ede93fe6-ec71-40fe-bb8e-9d39437b63bd	0.25	\N	\N	\N	t	2026-03-21 00:32:12.327	2026-03-21 00:32:12.327
6e8c68a8-f9ad-4e29-b442-a0c5f958c941	a340945d-9a0c-4a55-af81-bdba24621910	cda6bb15-4149-4455-8055-d731152d6011	798f9f26-8bcb-42ef-ad25-c4dab4e6fb2c	1	\N	\N	\N	t	2026-03-21 00:32:12.329	2026-03-21 00:32:12.329
02249536-c8f7-4841-869b-1fb524450dfc	274a1cf7-7bcd-4bb5-907d-183f697a8a1b	4781a64a-8d32-44f9-b2cf-421c59dec883	798f9f26-8bcb-42ef-ad25-c4dab4e6fb2c	1	\N	\N	\N	t	2026-03-21 00:32:12.33	2026-03-21 00:32:12.33
b772e3a5-4b05-42dc-b12b-38fadf0b92d5	1f00c073-2b5a-4938-bcc3-95bfa8e48098	0e2a7ee7-a8a0-4249-8843-438f238c5240	13ed1689-f388-47c6-9574-df77792b0ad3	1	\N	\N	\N	t	2026-03-21 00:32:12.332	2026-03-21 00:32:12.332
178af5e6-08f7-4f51-a364-dc34ccc7a8e8	a48307b7-6aae-4ffd-91d6-a036c6b7efac	4720672f-6845-48c4-b889-de4d8b430aaa	bd4a69f6-f9e3-480b-875f-24ede057ce31	1	\N	\N	\N	t	2026-03-21 00:32:12.334	2026-03-21 00:32:12.334
dfe7e1ae-4a0c-4a6f-a5fd-0b4871e0bdff	312e971e-2e42-4c30-b466-17b8ae9c275e	4720672f-6845-48c4-b889-de4d8b430aaa	bd4a69f6-f9e3-480b-875f-24ede057ce31	1	\N	\N	\N	t	2026-03-21 00:32:12.336	2026-03-21 00:32:12.336
34fc7a00-a913-4203-b84d-380c7d4af142	115f5dc9-66a8-469a-9c30-cf57710aed53	eec14973-5dca-4d85-b489-72c67ecfb4a9	0574ab3a-28d7-44e4-a3c6-95aa132b9a29	1	\N	\N	\N	t	2026-03-21 00:32:12.338	2026-03-21 00:32:12.338
b7e9be8f-da74-475a-bb7d-2135425ee679	357095e8-e921-4911-b4ed-db0a8068e7de	14f942e1-7085-4647-b9ec-141ac5466474	13ed1689-f388-47c6-9574-df77792b0ad3	1	\N	\N	\N	t	2026-03-21 00:32:12.34	2026-03-21 00:32:12.34
ea5b19c6-99e0-4a64-814a-39b4d9c215cd	1430c717-003d-4529-8670-98610a50c7de	9d18e989-8d8a-4f27-b80e-112f061115bf	1e82da28-aab0-44c5-b790-7a4a31a6ef62	0.33	\N	\N	\N	t	2026-03-21 00:32:12.342	2026-03-21 00:32:12.342
bb86f5f9-bd65-46b0-95d0-27a6b5cc840e	1430c717-003d-4529-8670-98610a50c7de	d7613f40-a9c8-4649-b84b-e2461a9699d2	1e82da28-aab0-44c5-b790-7a4a31a6ef62	0.33	\N	\N	\N	t	2026-03-21 00:32:12.344	2026-03-21 00:32:12.344
9bd15ad3-eb41-48a2-85c8-8a92e9b7bbc0	1430c717-003d-4529-8670-98610a50c7de	7ea211aa-b857-42e5-8436-731f6083a164	1e82da28-aab0-44c5-b790-7a4a31a6ef62	0.33	\N	\N	\N	t	2026-03-21 00:32:12.345	2026-03-21 00:32:12.345
773a901c-0211-4f30-964c-03f6eac7188a	e17b5a3f-a489-4409-ab1a-bfe24a41feae	cda6bb15-4149-4455-8055-d731152d6011	cc32d145-a9cb-46fc-8816-73c55be9f328	1	\N	\N	\N	t	2026-03-21 00:32:12.347	2026-03-21 00:32:12.347
b2636b17-74ca-4ce9-8b5a-43229383789b	5f9dc8d0-c7c7-4175-9348-cad389384009	14f942e1-7085-4647-b9ec-141ac5466474	1e82da28-aab0-44c5-b790-7a4a31a6ef62	1	\N	\N	\N	t	2026-03-21 00:32:12.348	2026-03-21 00:32:12.348
52c59350-178d-41e5-bc8d-c39920e752a3	b59e6423-dd43-455b-9bd2-3ee2a1539661	b238faaf-a530-4d14-9ec2-4086ce356852	bd4a69f6-f9e3-480b-875f-24ede057ce31	1	\N	\N	\N	t	2026-03-21 00:32:12.351	2026-03-21 00:32:12.351
d1cf20be-bed8-4b11-838a-3b1dec12f763	ae90a969-f4ef-4868-aabc-6ab38804be22	b238faaf-a530-4d14-9ec2-4086ce356852	1e82da28-aab0-44c5-b790-7a4a31a6ef62	1	\N	\N	\N	t	2026-03-21 00:32:12.352	2026-03-21 00:32:12.352
3bc2f451-f72c-4b0c-b581-2be8a481dbf3	ae90a969-f4ef-4868-aabc-6ab38804be22	e86547df-af73-4cbb-ae78-a9ed08daa0d6	1e82da28-aab0-44c5-b790-7a4a31a6ef62	0	\N	\N	\N	t	2026-03-21 00:32:12.354	2026-03-21 00:32:12.354
8c7fac6b-11e4-4112-ae96-24fb6a407b59	72068933-0fa3-421c-991d-92cf750f1134	73209b56-f7e8-41b4-95d6-6e8745d16c3b	fb57f70b-9279-4604-9bea-f0280638426e	0.5	\N	\N	\N	t	2026-03-21 00:32:12.358	2026-03-21 00:32:12.358
0f3ac8dd-cf06-4375-90ed-7bc3f4ff28f0	72068933-0fa3-421c-991d-92cf750f1134	b445b34a-808d-4f42-a2af-520ef293be46	fb57f70b-9279-4604-9bea-f0280638426e	0.5	\N	\N	\N	t	2026-03-21 00:32:12.361	2026-03-21 00:32:12.361
4ecd0f3e-3e52-44eb-aa95-ede0ce42dfdd	48f95ac1-9af6-4943-bd40-20ff3add7e1a	d7613f40-a9c8-4649-b84b-e2461a9699d2	fb57f70b-9279-4604-9bea-f0280638426e	0.2	\N	\N	\N	t	2026-03-21 00:32:12.364	2026-03-21 00:32:12.364
60aa7576-4427-4b9a-841b-5d272e7df56f	48f95ac1-9af6-4943-bd40-20ff3add7e1a	9d18e989-8d8a-4f27-b80e-112f061115bf	fb57f70b-9279-4604-9bea-f0280638426e	0.2	\N	\N	\N	t	2026-03-21 00:32:12.366	2026-03-21 00:32:12.366
5a9999f1-22ed-4cc9-b7b4-3af248e95e7b	48f95ac1-9af6-4943-bd40-20ff3add7e1a	1a66a875-d550-46cf-8564-6dacd258a1be	fb57f70b-9279-4604-9bea-f0280638426e	0.2	\N	\N	\N	t	2026-03-21 00:32:12.368	2026-03-21 00:32:12.368
c0bbb98a-f5e5-44a6-8247-ed9a36502062	48f95ac1-9af6-4943-bd40-20ff3add7e1a	7ea211aa-b857-42e5-8436-731f6083a164	fb57f70b-9279-4604-9bea-f0280638426e	0.2	\N	\N	\N	t	2026-03-21 00:32:12.369	2026-03-21 00:32:12.369
74363e7c-8cd6-45e4-a405-e7d21f9f27b1	48f95ac1-9af6-4943-bd40-20ff3add7e1a	acdec3a1-7ba5-42e3-a991-686dd2befc3f	ede93fe6-ec71-40fe-bb8e-9d39437b63bd	0.2	\N	\N	\N	t	2026-03-21 00:32:12.371	2026-03-21 00:32:12.371
29c444aa-3205-45bf-b2a9-98c728ba31fa	d06ce29c-bc8c-48f1-968a-fa56239eae5f	eec14973-5dca-4d85-b489-72c67ecfb4a9	eb9c8e2e-57d8-4c9e-b313-da211c891bff	0.33	\N	\N	\N	t	2026-03-21 00:32:12.374	2026-03-21 00:32:12.374
027c1b23-577f-4fe3-a9d7-7c960fd96815	d06ce29c-bc8c-48f1-968a-fa56239eae5f	acdec3a1-7ba5-42e3-a991-686dd2befc3f	eb9c8e2e-57d8-4c9e-b313-da211c891bff	0.33	\N	\N	\N	t	2026-03-21 00:32:12.375	2026-03-21 00:32:12.375
a289a3f1-8e37-4778-a647-6d6ad839f2ab	d06ce29c-bc8c-48f1-968a-fa56239eae5f	db063801-b5c6-4e4b-ae3e-78bd832152de	13ed1689-f388-47c6-9574-df77792b0ad3	0.33	\N	\N	\N	t	2026-03-21 00:32:12.376	2026-03-21 00:32:12.376
3194af29-4b1c-45d0-b83f-1490592f7f4d	f90c3846-993c-4d45-9309-7a7c93c1a136	d2170c14-9ba6-444c-8bba-19961b7a6e54	ede93fe6-ec71-40fe-bb8e-9d39437b63bd	0.3	\N	\N	\N	t	2026-03-21 00:32:12.378	2026-03-21 00:32:12.378
0317fba4-8b1d-4cb5-83ae-c03d032de0f6	f90c3846-993c-4d45-9309-7a7c93c1a136	acdec3a1-7ba5-42e3-a991-686dd2befc3f	fb57f70b-9279-4604-9bea-f0280638426e	0.3	\N	\N	\N	t	2026-03-21 00:32:12.379	2026-03-21 00:32:12.379
471bdac1-3f6e-4ebb-931d-24715b3decdd	f90c3846-993c-4d45-9309-7a7c93c1a136	433beeaf-a6f5-442b-a897-cbbc0df0474a	fb57f70b-9279-4604-9bea-f0280638426e	0.2	\N	\N	\N	t	2026-03-21 00:32:12.38	2026-03-21 00:32:12.38
e7449083-4265-411f-b805-d81b9f92c0f7	96e1ec8d-3b4e-4fa5-9146-cda209b17d81	4781a64a-8d32-44f9-b2cf-421c59dec883	13ed1689-f388-47c6-9574-df77792b0ad3	1	\N	\N	\N	t	2026-03-21 00:32:12.382	2026-03-21 00:32:12.382
9641d0aa-4357-45fb-a88b-08c465fd14ee	0ebeef9c-c8b7-4fcf-8ecd-a608bf45b66c	acdec3a1-7ba5-42e3-a991-686dd2befc3f	cc32d145-a9cb-46fc-8816-73c55be9f328	1	\N	\N	\N	t	2026-03-21 00:32:12.383	2026-03-21 00:32:12.383
bd7c7cac-9061-49ad-b39e-ee5e7d8348e9	f2295516-afa5-4315-9fad-8ff5f59f15db	0e2a7ee7-a8a0-4249-8843-438f238c5240	cc32d145-a9cb-46fc-8816-73c55be9f328	1	\N	\N	\N	t	2026-03-21 00:32:12.385	2026-03-21 00:32:12.385
c53fa9e5-af0f-4f3a-8fe6-a7d1b3f820e1	498ba9f4-2ccf-417c-9da7-3778004e9561	c4b1650d-508c-4ef7-983c-533197523b62	1e82da28-aab0-44c5-b790-7a4a31a6ef62	1	\N	\N	\N	t	2026-03-21 00:32:12.387	2026-03-21 00:32:12.387
6d6f3003-ab2e-44b0-bbb5-455d65e2c120	0a6145eb-362a-4afb-8b7f-853109ebe8a7	d7613f40-a9c8-4649-b84b-e2461a9699d2	cc32d145-a9cb-46fc-8816-73c55be9f328	0.2	\N	\N	\N	t	2026-03-21 00:32:12.389	2026-03-21 00:32:12.389
98d24479-9d5c-488c-80b7-507ea0f5cfda	0a6145eb-362a-4afb-8b7f-853109ebe8a7	9d18e989-8d8a-4f27-b80e-112f061115bf	cc32d145-a9cb-46fc-8816-73c55be9f328	0.2	\N	\N	\N	t	2026-03-21 00:32:12.39	2026-03-21 00:32:12.39
8a753ec7-d21a-4237-bf90-757778e79bc7	0a6145eb-362a-4afb-8b7f-853109ebe8a7	1a66a875-d550-46cf-8564-6dacd258a1be	cc32d145-a9cb-46fc-8816-73c55be9f328	0.2	\N	\N	\N	t	2026-03-21 00:32:12.392	2026-03-21 00:32:12.392
c4add5e4-3327-4f72-a4bc-e5e11eab0aa5	0a6145eb-362a-4afb-8b7f-853109ebe8a7	7ea211aa-b857-42e5-8436-731f6083a164	cc32d145-a9cb-46fc-8816-73c55be9f328	0.2	\N	\N	\N	t	2026-03-21 00:32:12.394	2026-03-21 00:32:12.394
b62f11ac-10d9-4d7d-a78e-05e158910aa9	0a6145eb-362a-4afb-8b7f-853109ebe8a7	00b740c4-e0b4-48bd-a840-5944ec96e660	cc32d145-a9cb-46fc-8816-73c55be9f328	0.2	\N	\N	\N	t	2026-03-21 00:32:12.397	2026-03-21 00:32:12.397
524df22c-9d74-44a5-b6c4-0722b18abd8c	ef498810-796c-479d-9590-15cd7fd56e11	4781a64a-8d32-44f9-b2cf-421c59dec883	798f9f26-8bcb-42ef-ad25-c4dab4e6fb2c	1	\N	\N	\N	t	2026-03-21 00:32:12.401	2026-03-21 00:32:12.401
ed338db9-124a-4b3d-8ab6-9e84b560266a	b46abdd7-e810-4eb1-9e4a-6b56b1a76c74	73209b56-f7e8-41b4-95d6-6e8745d16c3b	cc32d145-a9cb-46fc-8816-73c55be9f328	1	\N	\N	\N	t	2026-03-21 00:32:12.403	2026-03-21 00:32:12.403
9ed9a27f-265f-4c06-bb05-d26d198da948	ed1fa84b-e205-404e-a3a2-421cb4b6dbd8	497babae-5629-4d29-8383-d7d560b27137	13ed1689-f388-47c6-9574-df77792b0ad3	1	\N	\N	\N	t	2026-03-21 00:32:12.405	2026-03-21 00:32:12.405
866de4a9-f416-44a1-8b92-86fe0e5a4c8b	ef061f6a-3cff-492d-9f40-4725d997c28f	4720672f-6845-48c4-b889-de4d8b430aaa	bd4a69f6-f9e3-480b-875f-24ede057ce31	0.5	\N	\N	\N	t	2026-03-21 00:32:12.406	2026-03-21 00:32:12.406
1fba1dd6-11ee-4c37-8d75-5e243152ce94	ef061f6a-3cff-492d-9f40-4725d997c28f	db063801-b5c6-4e4b-ae3e-78bd832152de	bd4a69f6-f9e3-480b-875f-24ede057ce31	0.5	\N	\N	\N	t	2026-03-21 00:32:12.407	2026-03-21 00:32:12.407
c8b8bc17-4365-4282-8e49-aad280ea852f	cada44f4-7270-4129-88dc-4c0e9f2e3767	9f1b1610-7329-47ce-9b95-903ca314e0ad	cc32d145-a9cb-46fc-8816-73c55be9f328	0.5	\N	\N	\N	t	2026-03-21 00:32:12.409	2026-03-21 00:32:12.409
1da77704-36a1-4906-a14c-24125f1578e2	cada44f4-7270-4129-88dc-4c0e9f2e3767	6bceec00-a090-4287-abca-924fe43ada26	cc32d145-a9cb-46fc-8816-73c55be9f328	0.5	\N	\N	\N	t	2026-03-21 00:32:12.411	2026-03-21 00:32:12.411
5334ce93-41aa-4558-91ff-17587698eb9a	daf0b767-9b88-4589-a39b-f632dd7036c3	0e2a7ee7-a8a0-4249-8843-438f238c5240	cc32d145-a9cb-46fc-8816-73c55be9f328	1	\N	\N	\N	t	2026-03-21 00:32:12.412	2026-03-21 00:32:12.412
7dd8df77-f65e-46df-baa9-74b066fbb95d	ace48c0a-5c2b-489a-804d-e10a32852a6b	b238faaf-a530-4d14-9ec2-4086ce356852	cc32d145-a9cb-46fc-8816-73c55be9f328	1	\N	\N	\N	t	2026-03-21 00:32:12.414	2026-03-21 00:32:12.414
31a4acad-595f-4173-81b6-dbc7ff5ae861	c939b7cf-4c77-4438-aa3b-91b71b536a84	0e2a7ee7-a8a0-4249-8843-438f238c5240	1e82da28-aab0-44c5-b790-7a4a31a6ef62	0.5	\N	\N	\N	t	2026-03-21 00:32:12.416	2026-03-21 00:32:12.416
e88b82d2-e123-471a-a952-4cef3751afc7	40c58b9a-d604-4a92-914a-88f3ef861173	00b740c4-e0b4-48bd-a840-5944ec96e660	13ed1689-f388-47c6-9574-df77792b0ad3	1	\N	\N	\N	t	2026-03-21 00:32:12.418	2026-03-21 00:32:12.418
aff9a53e-2fd6-431b-9324-f53c629c6865	1df7ed1a-31d3-4b1f-8f79-97bdb154ae7e	774eb679-951f-4f84-9510-35f27e80f99e	eb9c8e2e-57d8-4c9e-b313-da211c891bff	1	\N	\N	\N	t	2026-03-21 00:32:12.419	2026-03-21 00:32:12.419
1b222567-0463-46cb-9ffa-d899a0d68705	e9d44198-871e-4274-bdeb-1407723b9358	b238faaf-a530-4d14-9ec2-4086ce356852	798f9f26-8bcb-42ef-ad25-c4dab4e6fb2c	1	\N	\N	\N	t	2026-03-21 00:32:12.421	2026-03-21 00:32:12.421
9271c7e0-072b-464e-8332-530e07dd975a	76559d9f-f8a6-49ad-b6d0-69be7687a10b	c4b1650d-508c-4ef7-983c-533197523b62	1e82da28-aab0-44c5-b790-7a4a31a6ef62	0.33	\N	\N	\N	t	2026-03-21 00:32:12.423	2026-03-21 00:32:12.423
4c1429a3-535d-41d9-bfdb-43b29d87f5ad	76559d9f-f8a6-49ad-b6d0-69be7687a10b	acdec3a1-7ba5-42e3-a991-686dd2befc3f	1e82da28-aab0-44c5-b790-7a4a31a6ef62	0.33	\N	\N	\N	t	2026-03-21 00:32:12.424	2026-03-21 00:32:12.424
c8307d8d-e561-467c-9b50-3648f10602f2	76559d9f-f8a6-49ad-b6d0-69be7687a10b	433beeaf-a6f5-442b-a897-cbbc0df0474a	1e82da28-aab0-44c5-b790-7a4a31a6ef62	0.33	\N	\N	\N	t	2026-03-21 00:32:12.425	2026-03-21 00:32:12.425
29be5b9b-9e16-4723-9df2-b07afa8426a0	6a876988-aef7-4c8a-a5e1-f2ef3edd9d0a	14f942e1-7085-4647-b9ec-141ac5466474	cc32d145-a9cb-46fc-8816-73c55be9f328	1	\N	\N	\N	t	2026-03-21 00:32:12.427	2026-03-21 00:32:12.427
9df6c9a7-2e1d-4fa3-86b3-4c4d8774405f	3390bd16-6d5a-4a99-a2bd-a0c67fae52ab	4781a64a-8d32-44f9-b2cf-421c59dec883	bd4a69f6-f9e3-480b-875f-24ede057ce31	0.2	\N	\N	\N	t	2026-03-21 00:32:12.429	2026-03-21 00:32:12.429
9ae164f3-0aad-48b9-8218-20c87c2575a2	3390bd16-6d5a-4a99-a2bd-a0c67fae52ab	46a141ca-bcee-48ac-b0cf-8581a10e7a6d	bd4a69f6-f9e3-480b-875f-24ede057ce31	0.2	\N	\N	\N	t	2026-03-21 00:32:12.43	2026-03-21 00:32:12.43
8eb93804-7c1b-43b3-b93b-198a4298d920	3390bd16-6d5a-4a99-a2bd-a0c67fae52ab	4720672f-6845-48c4-b889-de4d8b430aaa	bd4a69f6-f9e3-480b-875f-24ede057ce31	0.2	\N	\N	\N	t	2026-03-21 00:32:12.431	2026-03-21 00:32:12.431
f3244f76-3a4d-4da9-88b8-9a45abb3b385	3390bd16-6d5a-4a99-a2bd-a0c67fae52ab	6e44b68f-58fd-4d2c-ba84-4a62fa5e7095	bd4a69f6-f9e3-480b-875f-24ede057ce31	0.2	\N	\N	\N	t	2026-03-21 00:32:12.432	2026-03-21 00:32:12.432
9e1ebd40-8640-48f8-83ac-d70462df411b	3390bd16-6d5a-4a99-a2bd-a0c67fae52ab	e86547df-af73-4cbb-ae78-a9ed08daa0d6	bd4a69f6-f9e3-480b-875f-24ede057ce31	0	\N	\N	\N	t	2026-03-21 00:32:12.433	2026-03-21 00:32:12.433
899cb86c-fb42-40e2-99d9-b622e0f4dfc8	3390bd16-6d5a-4a99-a2bd-a0c67fae52ab	a8c4c473-5b2a-4085-a1a7-3eab4c4cb082	bd4a69f6-f9e3-480b-875f-24ede057ce31	0.2	\N	\N	\N	t	2026-03-21 00:32:12.434	2026-03-21 00:32:12.434
82d507fe-932e-4fef-8351-23d844293fbf	96dd9347-7a22-49b4-bb6c-07d2bbe8b8b8	a8c4c473-5b2a-4085-a1a7-3eab4c4cb082	d5cc75ee-de89-4af0-8f9d-33eb45bd8c41	0.5	\N	\N	\N	t	2026-03-21 00:32:12.436	2026-03-21 00:32:12.436
e686ed73-fd1f-4441-add4-9600447f682f	439d5f44-13db-42ae-90d1-2792403967bd	6e44b68f-58fd-4d2c-ba84-4a62fa5e7095	13ed1689-f388-47c6-9574-df77792b0ad3	0.5	\N	\N	\N	t	2026-03-21 00:32:12.437	2026-03-21 00:32:12.437
18dea672-e5ce-4f76-be89-62222c0a0165	439d5f44-13db-42ae-90d1-2792403967bd	a8c4c473-5b2a-4085-a1a7-3eab4c4cb082	13ed1689-f388-47c6-9574-df77792b0ad3	0.5	\N	\N	\N	t	2026-03-21 00:32:12.438	2026-03-21 00:32:12.438
fe6fac21-9354-4580-8254-20cf56d53e9c	1264dc1b-746f-48f1-a614-80361b64f628	cda6bb15-4149-4455-8055-d731152d6011	13ed1689-f388-47c6-9574-df77792b0ad3	1	\N	\N	\N	t	2026-03-21 00:32:12.44	2026-03-21 00:32:12.44
6f103903-1c24-4766-a544-d9d5e3594836	62e2e89c-a088-4e10-a30f-180f4cb580cc	00b740c4-e0b4-48bd-a840-5944ec96e660	1e82da28-aab0-44c5-b790-7a4a31a6ef62	0	\N	\N	\N	t	2026-03-21 00:32:12.441	2026-03-21 00:32:12.441
cfcf25a7-0ed0-42e5-a129-3943724ce359	cbba4010-c27e-408c-9c8e-d4d06bbacca3	d7613f40-a9c8-4649-b84b-e2461a9699d2	1e82da28-aab0-44c5-b790-7a4a31a6ef62	0.25	\N	\N	\N	t	2026-03-21 00:32:12.444	2026-03-21 00:32:12.444
8c1d7fec-b461-46e7-a2a4-b4d0cf14b918	cbba4010-c27e-408c-9c8e-d4d06bbacca3	9d18e989-8d8a-4f27-b80e-112f061115bf	1e82da28-aab0-44c5-b790-7a4a31a6ef62	0.25	\N	\N	\N	t	2026-03-21 00:32:12.446	2026-03-21 00:32:12.446
5ccf8e92-205d-4dc6-8aef-c26ef9a966c1	cbba4010-c27e-408c-9c8e-d4d06bbacca3	57645fce-bc64-4d57-b390-5ee3312e270e	1e82da28-aab0-44c5-b790-7a4a31a6ef62	0.25	\N	\N	\N	t	2026-03-21 00:32:12.447	2026-03-21 00:32:12.447
3c8dbb96-7eac-40fb-8cf0-51f38e0bf51c	cbba4010-c27e-408c-9c8e-d4d06bbacca3	1a66a875-d550-46cf-8564-6dacd258a1be	1e82da28-aab0-44c5-b790-7a4a31a6ef62	0.25	\N	\N	\N	t	2026-03-21 00:32:12.448	2026-03-21 00:32:12.448
c7b8ff72-c7ae-4d9b-8a99-6d41b4c7f3fe	a0b7c1f5-28a2-4884-a9fe-1fcfa9659a9d	9f1b1610-7329-47ce-9b95-903ca314e0ad	13ed1689-f388-47c6-9574-df77792b0ad3	0.5	\N	\N	\N	t	2026-03-21 00:32:12.451	2026-03-21 00:32:12.451
890ff0d3-89dc-43cb-b254-a4cd57ae3279	a0b7c1f5-28a2-4884-a9fe-1fcfa9659a9d	6bceec00-a090-4287-abca-924fe43ada26	13ed1689-f388-47c6-9574-df77792b0ad3	0.5	\N	\N	\N	t	2026-03-21 00:32:12.452	2026-03-21 00:32:12.452
c1199c52-a651-4395-99c5-7a869c03bc7d	91720257-c468-446a-851b-ab9135e02e5a	9f1b1610-7329-47ce-9b95-903ca314e0ad	1e82da28-aab0-44c5-b790-7a4a31a6ef62	0.5	\N	\N	\N	t	2026-03-21 00:32:12.454	2026-03-21 00:32:12.454
f9dd1cb4-2efa-4f58-8e11-1e90523f4d50	91720257-c468-446a-851b-ab9135e02e5a	6bceec00-a090-4287-abca-924fe43ada26	1e82da28-aab0-44c5-b790-7a4a31a6ef62	0.5	\N	\N	\N	t	2026-03-21 00:32:12.455	2026-03-21 00:32:12.455
ee742750-36c0-48a1-a3e6-1f9dab79c849	8e078f27-0ba2-4a37-b1a0-5ee400d1f9e8	b238faaf-a530-4d14-9ec2-4086ce356852	13ed1689-f388-47c6-9574-df77792b0ad3	1	\N	\N	\N	t	2026-03-21 00:32:12.457	2026-03-21 00:32:12.457
65143401-cf8f-4f77-8f5f-d0834d4ebc74	24bd4d4b-181a-475f-9a35-d0a51c9d5222	774eb679-951f-4f84-9510-35f27e80f99e	798f9f26-8bcb-42ef-ad25-c4dab4e6fb2c	1	\N	\N	\N	t	2026-03-21 00:32:12.46	2026-03-21 00:32:12.46
f028991b-5f29-468f-b512-2c2cd042a4f4	a1a47450-74e0-4a6a-a3e3-42863f984adc	774eb679-951f-4f84-9510-35f27e80f99e	1e82da28-aab0-44c5-b790-7a4a31a6ef62	1	\N	\N	\N	t	2026-03-21 00:32:12.462	2026-03-21 00:32:12.462
87401175-0c85-4f65-86ad-5232d8ba25e1	f5b8b519-c466-479b-ac91-efe1a2d7cf98	0e2a7ee7-a8a0-4249-8843-438f238c5240	fb57f70b-9279-4604-9bea-f0280638426e	1	\N	\N	\N	t	2026-03-21 00:32:12.463	2026-03-21 00:32:12.463
e09b3e88-801c-4300-840b-cda204418faa	660b7dce-73ae-4ab6-b10c-9398c1267fdb	b238faaf-a530-4d14-9ec2-4086ce356852	798f9f26-8bcb-42ef-ad25-c4dab4e6fb2c	1	\N	\N	\N	t	2026-03-21 00:32:12.465	2026-03-21 00:32:12.465
bd9b2abb-dfd2-4f33-99f9-02fc88018f51	39c3138f-1932-4859-a660-1d0c9f53899f	d7613f40-a9c8-4649-b84b-e2461a9699d2	1e82da28-aab0-44c5-b790-7a4a31a6ef62	0.2	\N	\N	\N	t	2026-03-21 00:32:12.468	2026-03-21 00:32:12.468
c2aff5c4-9b16-494e-bed0-44031893d243	39c3138f-1932-4859-a660-1d0c9f53899f	9d18e989-8d8a-4f27-b80e-112f061115bf	1e82da28-aab0-44c5-b790-7a4a31a6ef62	0.2	\N	\N	\N	t	2026-03-21 00:32:12.469	2026-03-21 00:32:12.469
70519b84-9269-4587-b90e-607aa2e9859b	39c3138f-1932-4859-a660-1d0c9f53899f	57645fce-bc64-4d57-b390-5ee3312e270e	1e82da28-aab0-44c5-b790-7a4a31a6ef62	0.2	\N	\N	\N	t	2026-03-21 00:32:12.47	2026-03-21 00:32:12.47
72c5abfa-b9e6-40f1-bf78-8c6751b48fa8	39c3138f-1932-4859-a660-1d0c9f53899f	1a66a875-d550-46cf-8564-6dacd258a1be	1e82da28-aab0-44c5-b790-7a4a31a6ef62	0.2	\N	\N	\N	t	2026-03-21 00:32:12.471	2026-03-21 00:32:12.471
5eac8aca-91cd-42ee-93c6-81dfb84193ce	39c3138f-1932-4859-a660-1d0c9f53899f	7ea211aa-b857-42e5-8436-731f6083a164	1e82da28-aab0-44c5-b790-7a4a31a6ef62	0.2	\N	\N	\N	t	2026-03-21 00:32:12.472	2026-03-21 00:32:12.472
0faee066-c30c-4896-89e9-adc128ae2b78	35e96566-1384-48f0-ba59-20b088f50d43	6e44b68f-58fd-4d2c-ba84-4a62fa5e7095	798f9f26-8bcb-42ef-ad25-c4dab4e6fb2c	0.5	\N	\N	\N	t	2026-03-21 00:32:12.474	2026-03-21 00:32:12.474
f42de903-2306-40fd-ac5a-635f8dd4695d	35e96566-1384-48f0-ba59-20b088f50d43	e86547df-af73-4cbb-ae78-a9ed08daa0d6	798f9f26-8bcb-42ef-ad25-c4dab4e6fb2c	0	\N	\N	\N	t	2026-03-21 00:32:12.475	2026-03-21 00:32:12.475
c587c951-07ae-4b55-9552-a1a2cd9b819f	35e96566-1384-48f0-ba59-20b088f50d43	a8c4c473-5b2a-4085-a1a7-3eab4c4cb082	798f9f26-8bcb-42ef-ad25-c4dab4e6fb2c	0.5	\N	\N	\N	t	2026-03-21 00:32:12.477	2026-03-21 00:32:12.477
f0260e80-b446-4b46-8297-d0ba522bdef9	fa15b856-b111-486d-aabe-da74607cec27	d2170c14-9ba6-444c-8bba-19961b7a6e54	ede93fe6-ec71-40fe-bb8e-9d39437b63bd	1	\N	\N	\N	t	2026-03-21 00:32:12.479	2026-03-21 00:32:12.479
01736b64-3c30-4394-ad20-04901a509551	c2def97e-e5a5-4d00-b5b8-98db42b171b6	6e44b68f-58fd-4d2c-ba84-4a62fa5e7095	1e82da28-aab0-44c5-b790-7a4a31a6ef62	0.5	\N	\N	\N	t	2026-03-21 00:32:12.481	2026-03-21 00:32:12.481
3b8ced5e-f986-4559-b8dc-bf59c906e3fb	c2def97e-e5a5-4d00-b5b8-98db42b171b6	a8c4c473-5b2a-4085-a1a7-3eab4c4cb082	1e82da28-aab0-44c5-b790-7a4a31a6ef62	0.5	\N	\N	\N	t	2026-03-21 00:32:12.482	2026-03-21 00:32:12.482
6bb31762-b0c6-494c-800c-0b478d2b7b68	dc051edc-f324-4180-81ab-37971fa69d6d	acdec3a1-7ba5-42e3-a991-686dd2befc3f	eb9c8e2e-57d8-4c9e-b313-da211c891bff	1	\N	\N	\N	t	2026-03-21 00:32:12.484	2026-03-21 00:32:12.484
3545e520-b4db-40fa-8e11-cfe4a7ff4e01	dc051edc-f324-4180-81ab-37971fa69d6d	00b740c4-e0b4-48bd-a840-5944ec96e660	fb57f70b-9279-4604-9bea-f0280638426e	0	\N	\N	\N	t	2026-03-21 00:32:12.485	2026-03-21 00:32:12.485
933e31c9-fb21-4c07-b18e-865042eec2bc	34172107-ab43-4fb3-acc8-2aafa43bc4e4	9f1b1610-7329-47ce-9b95-903ca314e0ad	bd4a69f6-f9e3-480b-875f-24ede057ce31	0.5	\N	\N	\N	t	2026-03-21 00:32:12.487	2026-03-21 00:32:12.487
697912fc-51a1-490c-8fec-8ee29ddd8661	34172107-ab43-4fb3-acc8-2aafa43bc4e4	6bceec00-a090-4287-abca-924fe43ada26	bd4a69f6-f9e3-480b-875f-24ede057ce31	0.5	\N	\N	\N	t	2026-03-21 00:32:12.489	2026-03-21 00:32:12.489
a4e13e60-b56e-45d6-9b3e-0f894c1a4a9c	8a6cdc8f-6f34-4c5e-b9ad-b775543173b1	d7613f40-a9c8-4649-b84b-e2461a9699d2	cc32d145-a9cb-46fc-8816-73c55be9f328	0.15	\N	\N	\N	t	2026-03-21 00:32:12.491	2026-03-21 00:32:12.491
ec942ba2-7b96-429a-ade3-df76f5b385de	8a6cdc8f-6f34-4c5e-b9ad-b775543173b1	9d18e989-8d8a-4f27-b80e-112f061115bf	cc32d145-a9cb-46fc-8816-73c55be9f328	0.15	\N	\N	\N	t	2026-03-21 00:32:12.493	2026-03-21 00:32:12.493
23d09d47-1c67-48e1-8712-dad20f62c59f	8a6cdc8f-6f34-4c5e-b9ad-b775543173b1	57645fce-bc64-4d57-b390-5ee3312e270e	cc32d145-a9cb-46fc-8816-73c55be9f328	0.15	\N	\N	\N	t	2026-03-21 00:32:12.494	2026-03-21 00:32:12.494
203801ae-1038-43b9-bf62-c8b742052f9f	8a6cdc8f-6f34-4c5e-b9ad-b775543173b1	1a66a875-d550-46cf-8564-6dacd258a1be	cc32d145-a9cb-46fc-8816-73c55be9f328	0.15	\N	\N	\N	t	2026-03-21 00:32:12.495	2026-03-21 00:32:12.495
adbe8cec-8724-4907-a1a8-2498c68ae05d	8a6cdc8f-6f34-4c5e-b9ad-b775543173b1	7ea211aa-b857-42e5-8436-731f6083a164	cc32d145-a9cb-46fc-8816-73c55be9f328	0.15	\N	\N	\N	t	2026-03-21 00:32:12.496	2026-03-21 00:32:12.496
6e11b132-18ed-478d-a6fe-d67d53959fd1	8a6cdc8f-6f34-4c5e-b9ad-b775543173b1	b445b34a-808d-4f42-a2af-520ef293be46	cc32d145-a9cb-46fc-8816-73c55be9f328	0.15	\N	\N	\N	t	2026-03-21 00:32:12.497	2026-03-21 00:32:12.497
32501eb1-7fcb-45e1-b990-c6b15d4748c9	77482b9b-2791-48d3-aac3-b49cf39e4fb4	d7613f40-a9c8-4649-b84b-e2461a9699d2	cc32d145-a9cb-46fc-8816-73c55be9f328	0.2	\N	\N	\N	t	2026-03-21 00:32:12.498	2026-03-21 00:32:12.498
47cc3edb-7c11-4fd8-a169-ad815a53c16a	77482b9b-2791-48d3-aac3-b49cf39e4fb4	9d18e989-8d8a-4f27-b80e-112f061115bf	cc32d145-a9cb-46fc-8816-73c55be9f328	0.2	\N	\N	\N	t	2026-03-21 00:32:12.499	2026-03-21 00:32:12.499
62180912-8794-40d4-9d3f-f22dd39011e8	77482b9b-2791-48d3-aac3-b49cf39e4fb4	57645fce-bc64-4d57-b390-5ee3312e270e	cc32d145-a9cb-46fc-8816-73c55be9f328	0.2	\N	\N	\N	t	2026-03-21 00:32:12.5	2026-03-21 00:32:12.5
d0be1b80-d12a-453d-919a-64bef3509e59	77482b9b-2791-48d3-aac3-b49cf39e4fb4	1a66a875-d550-46cf-8564-6dacd258a1be	cc32d145-a9cb-46fc-8816-73c55be9f328	0.2	\N	\N	\N	t	2026-03-21 00:32:12.501	2026-03-21 00:32:12.501
e6fa60a9-8898-447f-9e7f-1aca12115a4f	77482b9b-2791-48d3-aac3-b49cf39e4fb4	7ea211aa-b857-42e5-8436-731f6083a164	cc32d145-a9cb-46fc-8816-73c55be9f328	0.2	\N	\N	\N	t	2026-03-21 00:32:12.503	2026-03-21 00:32:12.503
7708d496-1f35-4ee1-b48a-7df69f3009bc	77482b9b-2791-48d3-aac3-b49cf39e4fb4	00b740c4-e0b4-48bd-a840-5944ec96e660	798f9f26-8bcb-42ef-ad25-c4dab4e6fb2c	0	\N	\N	\N	t	2026-03-21 00:32:12.504	2026-03-21 00:32:12.504
d5e95439-ee35-43db-a17d-c5c1b8ee0aaf	75581980-d64c-4acb-8a2e-2b0b4913f864	2dd66a27-714f-44ea-9a59-b8fc515a1c39	13ed1689-f388-47c6-9574-df77792b0ad3	0	\N	\N	\N	t	2026-03-21 00:32:12.506	2026-03-21 00:32:12.506
eaa5b3c2-f06d-4cd6-ab3f-44c820f72a19	e36a8380-7190-4501-a755-1ec4b0b2ce77	4781a64a-8d32-44f9-b2cf-421c59dec883	1e82da28-aab0-44c5-b790-7a4a31a6ef62	0.5	\N	\N	\N	t	2026-03-21 00:32:12.508	2026-03-21 00:32:12.508
8bea4586-542d-44fe-bc6c-a79ac43ffb67	e36a8380-7190-4501-a755-1ec4b0b2ce77	46a141ca-bcee-48ac-b0cf-8581a10e7a6d	1e82da28-aab0-44c5-b790-7a4a31a6ef62	0.5	\N	\N	\N	t	2026-03-21 00:32:12.509	2026-03-21 00:32:12.509
f629861f-8b39-463f-8928-2e1537d8cf74	cffc0d72-179f-4961-ba13-fa1fca5add3d	a8c4c473-5b2a-4085-a1a7-3eab4c4cb082	cc32d145-a9cb-46fc-8816-73c55be9f328	1	\N	\N	\N	t	2026-03-21 00:32:12.51	2026-03-21 00:32:12.51
d5ed48ad-8050-4cf1-96db-015163629c76	45222ac5-895e-4e49-88a2-6fc9c1f0d4b5	497babae-5629-4d29-8383-d7d560b27137	1e82da28-aab0-44c5-b790-7a4a31a6ef62	1	\N	\N	\N	t	2026-03-21 00:32:12.512	2026-03-21 00:32:12.512
adf3557b-7402-425f-bb31-00e50dbba208	83d7b274-6a28-4e3a-a378-1037788c9cad	00b740c4-e0b4-48bd-a840-5944ec96e660	13ed1689-f388-47c6-9574-df77792b0ad3	0	\N	\N	\N	t	2026-03-21 00:32:12.514	2026-03-21 00:32:12.514
3f018e7f-5a01-483a-b7f1-a156183f44e4	833fdc30-6867-4e26-975d-ea72cd72f0b0	b238faaf-a530-4d14-9ec2-4086ce356852	cc32d145-a9cb-46fc-8816-73c55be9f328	1	\N	\N	\N	t	2026-03-21 00:32:12.516	2026-03-21 00:32:12.516
3f27f310-7948-43ed-95e2-a5e6ccab6c86	3774ce6f-aee2-4645-bf7c-22cf022fba83	774eb679-951f-4f84-9510-35f27e80f99e	1e82da28-aab0-44c5-b790-7a4a31a6ef62	1	\N	\N	\N	t	2026-03-21 00:32:12.517	2026-03-21 00:32:12.517
96c50628-4f86-4529-9ccd-94bb974df8c5	59dd668d-ef69-4bcf-8b64-aac221a91ede	9dd83b23-9942-4654-a8a8-691ec1a2b7f4	1e82da28-aab0-44c5-b790-7a4a31a6ef62	0.5	\N	\N	\N	t	2026-03-21 00:32:12.519	2026-03-21 00:32:12.519
ef742005-2597-4049-8e3c-6d76d4764bc4	59dd668d-ef69-4bcf-8b64-aac221a91ede	db063801-b5c6-4e4b-ae3e-78bd832152de	1e82da28-aab0-44c5-b790-7a4a31a6ef62	0.5	\N	\N	\N	t	2026-03-21 00:32:12.52	2026-03-21 00:32:12.52
2896a685-624a-4b7a-96d8-3b04390f2a99	25671d9e-d728-49ef-b96b-bd2979b85f5b	b238faaf-a530-4d14-9ec2-4086ce356852	cc32d145-a9cb-46fc-8816-73c55be9f328	1	\N	\N	\N	t	2026-03-21 00:32:12.522	2026-03-21 00:32:12.522
5a0e7233-4395-4b04-a9d0-f69c651aeb8b	1dd06aeb-b2ca-4682-9f92-2fe874f2b881	eec14973-5dca-4d85-b489-72c67ecfb4a9	0574ab3a-28d7-44e4-a3c6-95aa132b9a29	1	\N	\N	\N	t	2026-03-21 00:32:12.523	2026-03-21 00:32:12.523
269b12c3-b573-4c90-98a2-712a99c6a1b7	9b7467de-e272-436a-9c6f-fed4b637f274	acdec3a1-7ba5-42e3-a991-686dd2befc3f	fb57f70b-9279-4604-9bea-f0280638426e	1	\N	\N	\N	t	2026-03-21 00:32:12.525	2026-03-21 00:32:12.525
ea5b2455-2f1f-4818-b8c3-c96c02aa6037	f2c799fa-e6a3-4035-812c-33b5aab125a0	9f1b1610-7329-47ce-9b95-903ca314e0ad	798f9f26-8bcb-42ef-ad25-c4dab4e6fb2c	0.5	\N	\N	\N	t	2026-03-21 00:32:12.526	2026-03-21 00:32:12.526
d2a16293-063a-4c22-bfc7-09c2ffea0ace	f2c799fa-e6a3-4035-812c-33b5aab125a0	6bceec00-a090-4287-abca-924fe43ada26	798f9f26-8bcb-42ef-ad25-c4dab4e6fb2c	0.5	\N	\N	\N	t	2026-03-21 00:32:12.527	2026-03-21 00:32:12.527
0cf9ad91-b7f0-4423-845f-495c1cbad4ae	b601f507-c84e-4a62-a492-11fe3a34d27a	497babae-5629-4d29-8383-d7d560b27137	cc32d145-a9cb-46fc-8816-73c55be9f328	1	\N	\N	\N	t	2026-03-21 00:32:12.529	2026-03-21 00:32:12.529
040d3aad-b686-4558-acc6-8d65c6efcf16	b601f507-c84e-4a62-a492-11fe3a34d27a	e86547df-af73-4cbb-ae78-a9ed08daa0d6	cc32d145-a9cb-46fc-8816-73c55be9f328	0	\N	\N	\N	t	2026-03-21 00:32:12.53	2026-03-21 00:32:12.53
ebdf2a4a-b1a4-4b43-ac33-059a662d6db1	8c980e8a-51fa-4cac-9616-a634210cd146	00b740c4-e0b4-48bd-a840-5944ec96e660	cc32d145-a9cb-46fc-8816-73c55be9f328	1	\N	\N	\N	t	2026-03-21 00:32:12.533	2026-03-21 00:32:12.533
1dcfe38c-7a7a-4b93-a6a9-df9655d3f13c	128564ec-b3d4-4028-90a3-826bb81d10ec	b445b34a-808d-4f42-a2af-520ef293be46	13ed1689-f388-47c6-9574-df77792b0ad3	0.5	\N	\N	\N	t	2026-03-21 00:32:12.536	2026-03-21 00:32:12.536
706c1884-9b60-4101-b0ba-012c00b29b4c	128564ec-b3d4-4028-90a3-826bb81d10ec	73209b56-f7e8-41b4-95d6-6e8745d16c3b	13ed1689-f388-47c6-9574-df77792b0ad3	0.5	\N	\N	\N	t	2026-03-21 00:32:12.538	2026-03-21 00:32:12.538
ca40b4bc-e7bc-4bd4-bece-a98059311d29	2b08316a-fc2c-4b77-9b8a-1846ba332c44	497babae-5629-4d29-8383-d7d560b27137	bd4a69f6-f9e3-480b-875f-24ede057ce31	0.5	\N	\N	\N	t	2026-03-21 00:32:12.54	2026-03-21 00:32:12.54
d3d6063d-87f3-4072-a47e-a360c13aac67	2b08316a-fc2c-4b77-9b8a-1846ba332c44	4720672f-6845-48c4-b889-de4d8b430aaa	bd4a69f6-f9e3-480b-875f-24ede057ce31	0.5	\N	\N	\N	t	2026-03-21 00:32:12.541	2026-03-21 00:32:12.541
081d99b3-5dfb-4cbd-aa25-ae7f9914c66e	db87482c-6555-4665-b59e-3217628a60c1	57645fce-bc64-4d57-b390-5ee3312e270e	1e82da28-aab0-44c5-b790-7a4a31a6ef62	0.5	\N	\N	\N	t	2026-03-21 00:32:12.542	2026-03-21 00:32:12.542
fa798ea0-8c95-4bf5-ac5d-6ff9f534e9fe	db87482c-6555-4665-b59e-3217628a60c1	1a66a875-d550-46cf-8564-6dacd258a1be	1e82da28-aab0-44c5-b790-7a4a31a6ef62	0.5	\N	\N	\N	t	2026-03-21 00:32:12.543	2026-03-21 00:32:12.543
5bfea603-59e2-45ae-b784-d440261bd48d	bd9dd5c5-4f16-4cd6-b60d-531a3c992282	2dd66a27-714f-44ea-9a59-b8fc515a1c39	1e82da28-aab0-44c5-b790-7a4a31a6ef62	1	\N	\N	\N	t	2026-03-21 00:32:12.545	2026-03-21 00:32:12.545
9122eda0-1d20-4851-971a-76a5dd9cc793	4472ccc9-a3f2-4c10-b01e-6da9b7dd566c	cda6bb15-4149-4455-8055-d731152d6011	1e82da28-aab0-44c5-b790-7a4a31a6ef62	1	\N	\N	\N	t	2026-03-21 00:32:12.546	2026-03-21 00:32:12.546
810321f1-f337-45d2-9288-da329292c786	c0e5f58d-7b4e-4ea0-ae66-1377560eb9ca	b238faaf-a530-4d14-9ec2-4086ce356852	cc32d145-a9cb-46fc-8816-73c55be9f328	1	\N	\N	\N	t	2026-03-21 00:32:12.548	2026-03-21 00:32:12.548
f266eeae-ea59-459e-a96b-2f5aa319c591	1b98ebfe-66b1-4a53-bb1e-e681ef23d9e0	73209b56-f7e8-41b4-95d6-6e8745d16c3b	1e82da28-aab0-44c5-b790-7a4a31a6ef62	0.5	\N	\N	\N	t	2026-03-21 00:32:12.549	2026-03-21 00:32:12.549
86b62985-e3cc-4498-879c-1d2a580ba453	1b98ebfe-66b1-4a53-bb1e-e681ef23d9e0	b445b34a-808d-4f42-a2af-520ef293be46	1e82da28-aab0-44c5-b790-7a4a31a6ef62	0.5	\N	\N	\N	t	2026-03-21 00:32:12.55	2026-03-21 00:32:12.55
64a8113b-9079-4a71-aea6-f81b9660befc	f140ec29-def9-4843-9493-fa7901d740f4	62916669-995e-46c3-8756-2e5c410e8331	13ed1689-f388-47c6-9574-df77792b0ad3	1	\N	\N	\N	t	2026-03-21 00:32:12.552	2026-03-21 00:32:12.552
26f6af54-59ce-4923-ac0d-2ccdf5085fe0	dc3ccacb-d8c1-4b7a-87e0-d6e3c1ec1432	cda6bb15-4149-4455-8055-d731152d6011	cc32d145-a9cb-46fc-8816-73c55be9f328	1	\N	\N	\N	t	2026-03-21 00:32:12.554	2026-03-21 00:32:12.554
32085efa-7e3a-4b1d-9d0d-141837c19a76	036b0644-5fbc-4b78-9d9f-cf81f07332df	4781a64a-8d32-44f9-b2cf-421c59dec883	cc32d145-a9cb-46fc-8816-73c55be9f328	1	\N	\N	\N	t	2026-03-21 00:32:12.555	2026-03-21 00:32:12.555
fc9fb314-012a-4d7d-9001-f69fa24a7890	d31c9b6b-1da2-48bc-9edd-df649a462bf0	b238faaf-a530-4d14-9ec2-4086ce356852	13ed1689-f388-47c6-9574-df77792b0ad3	0.5	\N	\N	\N	t	2026-03-21 00:32:12.557	2026-03-21 00:32:12.557
c0c4fc64-337a-4b3d-90bb-d5bf7bfd74b6	d31c9b6b-1da2-48bc-9edd-df649a462bf0	e86547df-af73-4cbb-ae78-a9ed08daa0d6	13ed1689-f388-47c6-9574-df77792b0ad3	0	\N	\N	\N	t	2026-03-21 00:32:12.559	2026-03-21 00:32:12.559
\.


--
-- Data for Name: audit_logs; Type: TABLE DATA; Schema: public; Owner: staffing_user
--

COPY public.audit_logs (id, actor_id, action, entity_type, entity_id, details, ip_address, created_at) FROM stdin;
4760f248-7460-475a-ad2a-6c90857ee24a	b4cc0c8d-280c-4654-af11-211948d70735	update	project	752d5dfd-e8ef-41b3-a18a-fc3a3eec7491	{"name": "Maintain current state", "status": "in_progress", "endDate": null, "priority": "medium", "productId": "749f69cd-496e-4d93-8d7b-99416478a933", "startDate": null, "description": null}	::ffff:172.253.122.95	2026-03-21 20:14:50.249
\.


--
-- Data for Name: functional_areas; Type: TABLE DATA; Schema: public; Owner: staffing_user
--

COPY public.functional_areas (id, name, division, sort_order) FROM stdin;
cf19afc1-f902-42e5-9a81-29d12f7fa364	Back Office Software	\N	0
813fa49e-1d13-4908-a18f-9d54e2d827f3	Financial Management	\N	1
9860d237-5451-4c8e-b991-90c0335b8589	HR Modernization	\N	2
49279f9d-6bd9-4882-9d61-2510dd62768e	Public Web	\N	3
2f934f8e-7f78-4fea-922d-9e71a3fea2fc	Procurement	\N	4
b41e664a-242c-416f-9afd-c963021532a9	Project Management Tools	\N	5
5ee54f50-1d7a-4ddb-b003-da1cb260ff6d	Cybersecurity Applications	\N	6
50856629-f52d-4c2a-8d6e-9ad9b0e1da90	AI & Enterprise Developer Tools	\N	7
067293dd-df76-4ee5-b4ca-a581adc81d0b	Digital Design and Experience	\N	8
c4dae0df-caf8-4c67-99f7-610222a01b0c	Platform Operations	\N	9
59518c3b-bb0b-4b6e-a413-4a0b2ee8ad5d	Communications	\N	10
a19c891f-45e8-4e56-8145-27cf39c34f2e	Governance	\N	11
93d44072-f3bc-4277-afc2-fe0de3142e6c	Portfolio Management	\N	12
a0543ca7-4318-49ce-b696-ef7e0abdd7f7	Program Operations	\N	13
bcedcc8d-16ef-4103-a7c1-6b7930e163b0	Project Management	\N	14
5f142311-9545-4f79-9e32-1ed5b780a4dc	Resource Management	\N	15
\.


--
-- Data for Name: products; Type: TABLE DATA; Schema: public; Owner: staffing_user
--

COPY public.products (id, name, description, is_active) FROM stdin;
0494d838-eb2b-4813-a4b0-b695af5a6eb6	Adjudication Trackers	\N	t
4140cf5a-7e35-4b11-8765-7dec53a8e794	AIRS	\N	t
bda10736-33c2-4bca-9a02-ac464d09bb1f	Architecture & Integration	\N	t
005adbb9-9753-4c8a-b4af-74d8b7cbe346	BFS Existing Work	\N	t
4a1d9cb1-3d1c-4735-85b6-846ca22ae9ef	Connect.gov	\N	t
3e9eb2d5-5a95-4052-97a5-6fb68f531a8a	Content Management	\N	t
e951e193-1c72-407d-98d8-d58ca86dd064	DCFO	\N	t
82adfb2b-273d-49ff-9cdd-595e3d613110	Discovery	\N	t
749f69cd-496e-4d93-8d7b-99416478a933	eDiscovery	\N	t
1c4c7542-0696-4d7d-a3b7-b8a9566bc917	eDiscovery/FOIAxPress	\N	t
ee40d509-ad93-4624-9085-cb90fb0f8dc6	IHRITT	\N	t
27143e4a-5c63-46fd-ab34-c8fab703dad0	IRS Discovery	\N	t
891d1da6-3c51-47a0-97b3-dd57f8d97946	Mint Transition	\N	t
4af5156f-cd6f-43c1-bd42-f770cdef10d3	O&M (SF)	\N	t
b7aaea19-0d89-4240-b676-8ebb34b10d2e	O&M (SNOW)	\N	t
749e8a02-1197-4390-bd20-8c34b698c346	OneFM	\N	t
b022fc06-201e-4a47-84a6-976228c078c7	P4P	\N	t
9640c2a5-14a0-4629-95f4-8330fe205f94	Platform Enhancements & Support	\N	t
c680092d-a182-47ab-9b5c-e30b2890ba84	PMSO	\N	t
2c340af1-7b16-4c4e-b158-3a19fca7485a	Portals/Events	\N	t
5ba25100-a155-4102-87c5-f4573601a778	Rules of Behavior	\N	t
5d2e58a3-abb8-4fab-8d12-22edd4bb0718	ServiceNow	\N	t
a2a68c7e-2416-4a54-ae17-4fd048b8ff5c	ServiceNow Next Experience Upgrade	\N	t
360c6c93-6ce0-4e89-a580-81fb7b866926	Software Management	\N	t
f0d5fec9-4a34-4dbe-a255-eef117ec30f7	TEI	\N	t
418bb7a3-7700-40df-b534-d1cf29479504	TRAMS/OCA	\N	t
0116473e-e178-4148-af5a-bf0493e3689e	Txcess/WSD/Nuvolo/Impress	\N	t
\.


--
-- Data for Name: projects; Type: TABLE DATA; Schema: public; Owner: staffing_user
--

COPY public.projects (id, name, product_id, priority, status, start_date, end_date, description, is_active, created_at, updated_at) FROM stdin;
6822c30b-b7fb-402c-9114-bfdca00fa97d	Mint Transition	891d1da6-3c51-47a0-97b3-dd57f8d97946	\N	in_progress	\N	2026-09-30 00:00:00	\N	t	2026-03-21 00:32:12.15	2026-03-21 00:32:12.15
46a141ca-bcee-48ac-b0cf-8581a10e7a6d	Provisioning for People (P4P)	b022fc06-201e-4a47-84a6-976228c078c7	\N	in_progress	2024-12-02 00:00:00	2025-09-30 00:00:00	\N	t	2026-03-21 00:32:12.156	2026-03-21 00:32:12.156
9dd83b23-9942-4654-a8a8-691ec1a2b7f4	Program Operations	c680092d-a182-47ab-9b5c-e30b2890ba84	\N	in_progress	\N	\N	\N	t	2026-03-21 00:32:12.167	2026-03-21 00:32:12.167
f854f4d5-ae94-4505-bcc1-4d1485305069	IRS Discovery	27143e4a-5c63-46fd-ab34-c8fab703dad0	\N	in_progress	\N	\N	\N	t	2026-03-21 00:32:12.175	2026-03-21 00:32:12.175
774eb679-951f-4f84-9510-35f27e80f99e	Salesforce Operations and Maintenance Development	4af5156f-cd6f-43c1-bd42-f770cdef10d3	\N	in_progress	\N	\N	\N	t	2026-03-21 00:32:12.18	2026-03-21 00:32:12.18
cda6bb15-4149-4455-8055-d731152d6011	eTrak	ee40d509-ad93-4624-9085-cb90fb0f8dc6	\N	in_progress	2025-02-20 00:00:00	2026-01-22 00:00:00	\N	t	2026-03-21 00:32:12.183	2026-03-21 00:32:12.183
c4b1650d-508c-4ef7-983c-533197523b62	Service Desk and User Engagement	9640c2a5-14a0-4629-95f4-8330fe205f94	\N	in_progress	\N	\N	\N	t	2026-03-21 00:32:12.185	2026-03-21 00:32:12.185
433beeaf-a6f5-442b-a897-cbbc0df0474a	AI Service Desk	360c6c93-6ce0-4e89-a580-81fb7b866926	\N	in_progress	\N	\N	\N	t	2026-03-21 00:32:12.187	2026-03-21 00:32:12.187
db063801-b5c6-4e4b-ae3e-78bd832152de	ServiceNow Next Experience Upgrade	a2a68c7e-2416-4a54-ae17-4fd048b8ff5c	\N	on_hold	2025-08-13 00:00:00	\N	\N	t	2026-03-21 00:32:12.188	2026-03-21 00:32:12.188
d78763d1-c4bb-410b-8f97-1e0de882eee2	Connect.gov	4a1d9cb1-3d1c-4735-85b6-846ca22ae9ef	\N	in_progress	\N	\N	\N	t	2026-03-21 00:32:12.193	2026-03-21 00:32:12.193
14f942e1-7085-4647-b9ec-141ac5466474	TreasOps O&M	0116473e-e178-4148-af5a-bf0493e3689e	\N	in_progress	2025-09-29 00:00:00	\N	\N	t	2026-03-21 00:32:12.195	2026-03-21 00:32:12.195
12c18042-35ff-48c1-beb5-51bd535cdda9	Figma	360c6c93-6ce0-4e89-a580-81fb7b866926	\N	in_progress	\N	\N	\N	t	2026-03-21 00:32:12.196	2026-03-21 00:32:12.196
f996cfa3-64b0-4b4f-8781-b9c2d1351271	Usability Testing/Section 508/AI	\N	\N	in_progress	\N	\N	\N	t	2026-03-21 00:32:12.206	2026-03-21 00:32:12.206
9f1b1610-7329-47ce-9b95-903ca314e0ad	TRACS	4140cf5a-7e35-4b11-8765-7dec53a8e794	\N	in_progress	2025-03-28 00:00:00	2025-08-31 00:00:00	\N	t	2026-03-21 00:32:12.212	2026-03-21 00:32:12.212
6bceec00-a090-4287-abca-924fe43ada26	SAVE	4140cf5a-7e35-4b11-8765-7dec53a8e794	\N	in_progress	2025-07-23 00:00:00	2025-08-14 00:00:00	\N	t	2026-03-21 00:32:12.214	2026-03-21 00:32:12.214
6d49cfa6-586b-4aa6-833a-49ea73694377	UI/UX	\N	\N	in_progress	\N	\N	\N	t	2026-03-21 00:32:12.216	2026-03-21 00:32:12.216
27b7fac5-e878-4904-874b-897335514d4b	FIGMA	\N	\N	in_progress	\N	\N	\N	t	2026-03-21 00:32:12.219	2026-03-21 00:32:12.219
00b740c4-e0b4-48bd-a840-5944ec96e660	G20 Registration Portal: Part 2	2c340af1-7b16-4c4e-b158-3a19fca7485a	\N	in_progress	2025-11-03 00:00:00	2025-11-24 00:00:00	\N	t	2026-03-21 00:32:12.221	2026-03-21 00:32:12.221
3dd4b2dc-5147-452c-a93d-887d310bed35	All-programs	418bb7a3-7700-40df-b534-d1cf29479504	\N	in_progress	\N	\N	\N	t	2026-03-21 00:32:12.224	2026-03-21 00:32:12.224
5c8a9788-8ac1-4b1c-ac66-793b6a75a096	Github	360c6c93-6ce0-4e89-a580-81fb7b866926	\N	in_progress	\N	\N	\N	t	2026-03-21 00:32:12.226	2026-03-21 00:32:12.226
6a759e2b-cc70-4fd5-b293-b376c3a38ee2	PMSO	c680092d-a182-47ab-9b5c-e30b2890ba84	\N	in_progress	\N	\N	\N	t	2026-03-21 00:32:12.228	2026-03-21 00:32:12.228
0e2a7ee7-a8a0-4249-8843-438f238c5240	TEI 2.0	f0d5fec9-4a34-4dbe-a255-eef117ec30f7	\N	in_progress	2025-11-17 00:00:00	2026-02-27 00:00:00	\N	t	2026-03-21 00:32:12.231	2026-03-21 00:32:12.231
eec14973-5dca-4d85-b489-72c67ecfb4a9	Cyber O&M	9640c2a5-14a0-4629-95f4-8330fe205f94	\N	in_progress	\N	\N	\N	t	2026-03-21 00:32:12.233	2026-03-21 00:32:12.233
6e44b68f-58fd-4d2c-ba84-4a62fa5e7095	Windsurf	360c6c93-6ce0-4e89-a580-81fb7b866926	\N	in_progress	\N	2025-10-21 00:00:00	\N	t	2026-03-21 00:32:12.239	2026-03-21 00:32:12.239
a8c4c473-5b2a-4085-a1a7-3eab4c4cb082	ChatGPT Migration to Shared	360c6c93-6ce0-4e89-a580-81fb7b866926	\N	on_hold	2025-10-24 00:00:00	\N	\N	t	2026-03-21 00:32:12.241	2026-03-21 00:32:12.241
4781a64a-8d32-44f9-b2cf-421c59dec883	Adjudication Trackers	0494d838-eb2b-4813-a4b0-b695af5a6eb6	\N	in_progress	\N	2026-09-30 00:00:00	\N	t	2026-03-21 00:32:12.245	2026-03-21 00:32:12.245
aa2f64d7-88bc-491a-9d64-9ac06026d211	BFS Existing Work	005adbb9-9753-4c8a-b4af-74d8b7cbe346	\N	in_progress	\N	\N	\N	t	2026-03-21 00:32:12.254	2026-03-21 00:32:12.254
8675e0dc-f867-4bc0-8501-7e51a27d6680	OneFM	749e8a02-1197-4390-bd20-8c34b698c346	\N	in_progress	2026-03-01 00:00:00	\N	\N	t	2026-03-21 00:32:12.263	2026-03-21 00:32:12.263
23dc90db-8824-440e-afdf-2aed9b955450	TCSC EmployeeCenter Pro	5d2e58a3-abb8-4fab-8d12-22edd4bb0718	\N	in_progress	\N	\N	\N	t	2026-03-21 00:32:12.268	2026-03-21 00:32:12.268
497babae-5629-4d29-8383-d7d560b27137	DCFO	e951e193-1c72-407d-98d8-d58ca86dd064	\N	in_progress	2025-01-01 00:00:00	\N	\N	t	2026-03-21 00:32:12.271	2026-03-21 00:32:12.271
acdec3a1-7ba5-42e3-a991-686dd2befc3f	Platform Governance	9640c2a5-14a0-4629-95f4-8330fe205f94	\N	in_progress	\N	\N	\N	t	2026-03-21 00:32:12.274	2026-03-21 00:32:12.274
d2170c14-9ba6-444c-8bba-19961b7a6e54	Change and Release Management	9640c2a5-14a0-4629-95f4-8330fe205f94	\N	in_progress	\N	\N	\N	t	2026-03-21 00:32:12.277	2026-03-21 00:32:12.277
4720672f-6845-48c4-b889-de4d8b430aaa	Architecture and Integration	bda10736-33c2-4bca-9a02-ac464d09bb1f	\N	in_progress	\N	2026-03-31 00:00:00	\N	t	2026-03-21 00:32:12.306	2026-03-21 00:32:12.306
9d18e989-8d8a-4f27-b80e-112f061115bf	ERA	418bb7a3-7700-40df-b534-d1cf29479504	\N	in_progress	\N	2026-01-30 00:00:00	\N	t	2026-03-21 00:32:12.314	2026-03-21 00:32:12.314
57645fce-bc64-4d57-b390-5ee3312e270e	HAF	418bb7a3-7700-40df-b534-d1cf29479504	\N	in_progress	\N	2027-01-31 00:00:00	\N	t	2026-03-21 00:32:12.315	2026-03-21 00:32:12.315
7ea211aa-b857-42e5-8436-731f6083a164	SLFRF	418bb7a3-7700-40df-b534-d1cf29479504	\N	in_progress	\N	2027-04-30 00:00:00	\N	t	2026-03-21 00:32:12.317	2026-03-21 00:32:12.317
1a66a875-d550-46cf-8564-6dacd258a1be	LATCF	418bb7a3-7700-40df-b534-d1cf29479504	\N	in_progress	\N	2025-10-01 00:00:00	\N	t	2026-03-21 00:32:12.325	2026-03-21 00:32:12.325
d7613f40-a9c8-4649-b84b-e2461a9699d2	CPF	418bb7a3-7700-40df-b534-d1cf29479504	\N	in_progress	\N	2027-03-31 00:00:00	\N	t	2026-03-21 00:32:12.343	2026-03-21 00:32:12.343
b238faaf-a530-4d14-9ec2-4086ce356852	ServiceNow Operations and Maintenance Development	b7aaea19-0d89-4240-b676-8ebb34b10d2e	\N	in_progress	\N	\N	\N	t	2026-03-21 00:32:12.35	2026-03-21 00:32:12.35
e86547df-af73-4cbb-ae78-a9ed08daa0d6	Rules of Behavior	5ba25100-a155-4102-87c5-f4573601a778	\N	on_hold	2025-08-14 00:00:00	2025-08-28 00:00:00	\N	t	2026-03-21 00:32:12.353	2026-03-21 00:32:12.353
73209b56-f7e8-41b4-95d6-6e8745d16c3b	ECIP	418bb7a3-7700-40df-b534-d1cf29479504	\N	in_progress	\N	2025-10-01 00:00:00	\N	t	2026-03-21 00:32:12.357	2026-03-21 00:32:12.357
b445b34a-808d-4f42-a2af-520ef293be46	SSBCI	418bb7a3-7700-40df-b534-d1cf29479504	\N	in_progress	\N	2025-10-01 00:00:00	\N	t	2026-03-21 00:32:12.36	2026-03-21 00:32:12.36
2dd66a27-714f-44ea-9a59-b8fc515a1c39	Discovery	82adfb2b-273d-49ff-9cdd-595e3d613110	\N	in_progress	\N	\N	\N	t	2026-03-21 00:32:12.505	2026-03-21 00:32:12.505
62916669-995e-46c3-8756-2e5c410e8331	Contractor Management	\N	\N	in_progress	\N	\N	\N	t	2026-03-21 00:32:12.552	2026-03-21 00:32:12.552
752d5dfd-e8ef-41b3-a18a-fc3a3eec7491	Maintain current state	749f69cd-496e-4d93-8d7b-99416478a933	medium	in_progress	\N	\N	\N	t	2026-03-21 00:32:12.14	2026-03-21 20:14:50.243
\.


--
-- Data for Name: resources; Type: TABLE DATA; Schema: public; Owner: staffing_user
--

COPY public.resources (id, resource_type, first_name, last_name, division, functional_area_id, is_supervisor, ops_eng_lead, supervisor_id, second_line_supervisor_id, gs_level, is_matrixed, pop_start_date, pop_end_date, primary_role_id, secondary_role_id, available_for_work, notes, is_active, created_at, updated_at) FROM stdin;
955aae8a-7700-4193-9a30-771a33cb3b10	federal	Chinh	Bui	engineering	\N	f	\N	\N	\N	14	f	\N	\N	cc32d145-a9cb-46fc-8816-73c55be9f328	\N	f	\N	t	2026-03-21 00:32:12.154	2026-03-21 00:32:12.154
2c7acfd5-6e41-41bb-86cb-60f6e10e9d14	federal	LaRaine	Cheung	pmso	\N	f	\N	\N	\N	15	f	\N	\N	8d4e818b-1150-484e-9975-5996632ea0b4	e8d995bd-07c6-49c4-a894-bd4de7df3dbf	f	\N	t	2026-03-21 00:32:12.165	2026-03-21 00:32:12.165
b3a8a7b5-4f9a-4943-8e57-46a54ca9d02c	federal	Karen	Doherty	operations	\N	f	\N	\N	\N	\N	f	\N	\N	13ed1689-f388-47c6-9574-df77792b0ad3	\N	f	Working with Greg Nicsen on Salesforce Assets --> not on the Digital Services team currently	t	2026-03-21 00:32:12.19	2026-03-21 00:32:12.19
ebab7dfe-120a-4abd-bf16-22fb3792f49a	federal	Matthew Anthony	Fitzsimmons	operations	\N	f	\N	\N	\N	13	f	\N	\N	eb6e47da-b323-4279-b48d-6ddf9d37a102	\N	f	Working with Helena on Hugo.\r\nFISCAL Business Owner/Engineering lead.	t	2026-03-21 00:32:12.198	2026-03-21 00:32:12.198
562e4ec1-bd05-490b-bb3d-26b0a5468e42	federal	Shaun	Gray	engineering	\N	f	\N	\N	\N	14	f	\N	\N	cc32d145-a9cb-46fc-8816-73c55be9f328	bd4a69f6-f9e3-480b-875f-24ede057ce31	f	Engineering Lead	t	2026-03-21 00:32:12.199	2026-03-21 00:32:12.199
470e29ef-5f07-435c-b64d-cca0a71b1044	federal	Natasha	Hendrix	operations	\N	f	\N	\N	\N	15	f	\N	\N	\N	\N	f	She is in Christie Lucas Group.  HRC Survey Support	t	2026-03-21 00:32:12.203	2026-03-21 00:32:12.203
ce19d9d2-e004-4336-b2df-e037bac00489	federal	Christy L	Armstrong	operations	cf19afc1-f902-42e5-9a81-29d12f7fa364	f	\N	624d8ace-8f38-49d3-be22-ab3a3b042c5b	b2b9362d-f3c1-4af1-9577-16f9078ef188	14	f	\N	\N	\N	\N	f	Will have to dig into Christy.  I think her skilset is more aligned to hands on O&M supporting SharePoint/PowerPlatform.	t	2026-03-21 00:32:12.144	2026-03-21 00:32:12.563
82db862b-c159-47e4-8c33-b4e432a3063b	federal	Donna Johnson	Blue	operations	\N	t	\N	b2b9362d-f3c1-4af1-9577-16f9078ef188	b2b9362d-f3c1-4af1-9577-16f9078ef188	15	f	\N	\N	3a1be46d-8d83-49f9-9ae4-b98d6bce989f	\N	t	Working with Matt Stevenson to transfer over some work from both the Salesforce and ServiceNow  teams.\r\nMINT Business Owner/Engineering lead.	t	2026-03-21 00:32:12.147	2026-03-21 00:32:12.564
f4aa2bc1-c802-46d5-aa97-c16d971dbe65	federal	Richard	Casale	operations	c4dae0df-caf8-4c67-99f7-610222a01b0c	f	\N	503f0b9a-95aa-4cf7-9653-1ee366430a6b	b2b9362d-f3c1-4af1-9577-16f9078ef188	\N	f	\N	\N	bd4a69f6-f9e3-480b-875f-24ede057ce31	\N	f	Rich is a hands on systems engineer.  He is supporting the current SharePoint and TEAPS enviornment.  Probably would have some cycles to help another systems engineers tasks.	t	2026-03-21 00:32:12.161	2026-03-21 00:32:12.566
30a8e366-bf41-4181-ad40-0f590ae3978b	federal	Perwaiz A	Chaudehry	operations	\N	f	\N	\N	b2b9362d-f3c1-4af1-9577-16f9078ef188	\N	f	\N	\N	\N	\N	f	\N	t	2026-03-21 00:32:12.162	2026-03-21 00:32:12.566
da2256bd-2edb-465f-b4dd-d984ff916198	federal	Kally Ngoc Nhi	Chou	operations	c4dae0df-caf8-4c67-99f7-610222a01b0c	f	\N	503f0b9a-95aa-4cf7-9653-1ee366430a6b	b2b9362d-f3c1-4af1-9577-16f9078ef188	\N	f	\N	\N	1e82da28-aab0-44c5-b790-7a4a31a6ef62	\N	f	Business Analyst supporting CFIUS.  She is paid from the CFIUS funds and is fully supporting their efforts.  This is platform operations.	t	2026-03-21 00:32:12.177	2026-03-21 00:32:12.567
43a24170-9269-4782-8400-c510c294b1a3	federal	Shante Nichole	Corbitt	operations	\N	f	\N	\N	b2b9362d-f3c1-4af1-9577-16f9078ef188	\N	f	\N	\N	\N	\N	f	MINT Business Owner/Engineering lead.	t	2026-03-21 00:32:12.178	2026-03-21 00:32:12.567
63cb0341-677e-4134-9699-711fa16c8ef8	federal	An Hoal	Dang	operations	c4dae0df-caf8-4c67-99f7-610222a01b0c	f	\N	9231026e-0b94-410e-86ee-a2307699839e	b2b9362d-f3c1-4af1-9577-16f9078ef188	14	f	\N	\N	cc32d145-a9cb-46fc-8816-73c55be9f328	\N	t	Maybe able to support Salesforce Platform Ops	t	2026-03-21 00:32:12.179	2026-03-21 00:32:12.568
24f56ac5-a1cd-4a56-b157-97d05a0e9521	federal	Stephanos Athanassios	Diamantis	operations	c4dae0df-caf8-4c67-99f7-610222a01b0c	f	\N	9231026e-0b94-410e-86ee-a2307699839e	b2b9362d-f3c1-4af1-9577-16f9078ef188	14	f	\N	\N	8d4e818b-1150-484e-9975-5996632ea0b4	e8d995bd-07c6-49c4-a894-bd4de7df3dbf	f	Probably need to review tasks and ensure they align with current priorities.  Need to work with Matt.	t	2026-03-21 00:32:12.182	2026-03-21 00:32:12.569
b1b999bb-ba82-4d0e-b839-bbd4c83dd951	federal	Christine Michelle	Durose	operations	067293dd-df76-4ee5-b4ca-a581adc81d0b	f	\N	9231026e-0b94-410e-86ee-a2307699839e	b2b9362d-f3c1-4af1-9577-16f9078ef188	14	f	\N	\N	8d4e818b-1150-484e-9975-5996632ea0b4	\N	f	\N	t	2026-03-21 00:32:12.192	2026-03-21 00:32:12.57
190ca82a-9d2d-497e-88fb-8403e1eaef64	federal	Lavender Casilag	Fernandez	operations	\N	f	\N	2ec3df4a-860a-40d3-bf40-f05cbcf056e4	b2b9362d-f3c1-4af1-9577-16f9078ef188	\N	f	\N	\N	13ed1689-f388-47c6-9574-df77792b0ad3	\N	f	Align Functional to tasks.\r\nLavender is working on operations for our applications currently deployed.  She should have 50% availability to support a new project.  We can align her to a functional area once we know what project.	t	2026-03-21 00:32:12.197	2026-03-21 00:32:12.571
e3484fce-5c78-40f9-b6f8-88f8d4d6041b	federal	Kelly Eugene	Harris	operations	\N	f	\N	9231026e-0b94-410e-86ee-a2307699839e	b2b9362d-f3c1-4af1-9577-16f9078ef188	14	f	\N	\N	fb57f70b-9279-4604-9bea-f0280638426e	cc32d145-a9cb-46fc-8816-73c55be9f328	f	\N	t	2026-03-21 00:32:12.201	2026-03-21 00:32:12.572
d23eadc5-5a01-4ab7-9fe2-304d4ac2cc88	federal	Kylee Brooke	Haught	operations	\N	f	\N	\N	b2b9362d-f3c1-4af1-9577-16f9078ef188	14	f	\N	\N	cc32d145-a9cb-46fc-8816-73c55be9f328	\N	f	BFS SN\r\nFISCAL Business Owner/Engineering lead.	t	2026-03-21 00:32:12.203	2026-03-21 00:32:12.573
07d642fd-8d07-4317-9fe6-9b1af4fa8019	federal	Jasmin Y	Hubbard	operations	\N	f	\N	\N	b2b9362d-f3c1-4af1-9577-16f9078ef188	\N	f	\N	\N	1e82da28-aab0-44c5-b790-7a4a31a6ef62	\N	f	MINT Business Owner/Engineering lead.	t	2026-03-21 00:32:12.208	2026-03-21 00:32:12.573
dffc9fbe-5ad7-43c1-9d43-759e8ba894f7	federal	Tiffany Renette	Hyatt	operations	49279f9d-6bd9-4882-9d61-2510dd62768e	f	Howard/Mike Tripp	ef5924a7-4536-4364-a3e2-ca036299b8a3	b2b9362d-f3c1-4af1-9577-16f9078ef188	14	f	\N	\N	eb6e47da-b323-4279-b48d-6ddf9d37a102	\N	f	\N	t	2026-03-21 00:32:12.208	2026-03-21 00:32:12.574
196f1b5f-3d33-4c50-8447-8915621e58f2	federal	Rudran	Indarsingh	operations	c4dae0df-caf8-4c67-99f7-610222a01b0c	f	\N	503f0b9a-95aa-4cf7-9653-1ee366430a6b	b2b9362d-f3c1-4af1-9577-16f9078ef188	\N	f	\N	\N	fb57f70b-9279-4604-9bea-f0280638426e	\N	f	Platform Business Owner/Engineering Lead.	t	2026-03-21 00:32:12.209	2026-03-21 00:32:12.574
9dd4f72c-3b9e-4eb4-899f-22813e5a04be	federal	Melissa Sondra	Jansz	operations	\N	f	\N	2ec3df4a-860a-40d3-bf40-f05cbcf056e4	b2b9362d-f3c1-4af1-9577-16f9078ef188	12	f	\N	\N	1e82da28-aab0-44c5-b790-7a4a31a6ef62	798f9f26-8bcb-42ef-ad25-c4dab4e6fb2c	f	Partial Support \r\nMINT Business Owner/Engineering lead.	t	2026-03-21 00:32:12.21	2026-03-21 00:32:12.575
ab44f1f3-9fef-45c7-a0e9-f06f61215048	federal	Joanne	Joy	operations	2f934f8e-7f78-4fea-922d-9e71a3fea2fc	f	Joanne Joy	2ec3df4a-860a-40d3-bf40-f05cbcf056e4	b2b9362d-f3c1-4af1-9577-16f9078ef188	14	f	\N	\N	13ed1689-f388-47c6-9574-df77792b0ad3	\N	f	\N	t	2026-03-21 00:32:12.211	2026-03-21 00:32:12.575
71927f5d-7f17-4971-aa93-f4b8c0542cb2	federal	Geoffrey	Karr	operations	\N	f	\N	9231026e-0b94-410e-86ee-a2307699839e	b2b9362d-f3c1-4af1-9577-16f9078ef188	13	f	\N	\N	\N	\N	f	HRC Figma.\r\nUI/UX Business Owner/Engineering Lead.	t	2026-03-21 00:32:12.218	2026-03-21 00:32:12.576
2ec3df4a-860a-40d3-bf40-f05cbcf056e4	federal	Shalene Renee	Bauss	operations	\N	t	\N	b2b9362d-f3c1-4af1-9577-16f9078ef188	b2b9362d-f3c1-4af1-9577-16f9078ef188	\N	f	\N	\N	\N	\N	f	\N	t	2026-03-21 00:32:12.146	2026-03-21 00:32:12.591
15c99a2d-17c0-4cad-b5fd-b0b6ce2a170c	federal	Marshall P	Kofler	operations	\N	f	\N	\N	\N	14	f	\N	\N	d5cc75ee-de89-4af0-8f9d-33eb45bd8c41	\N	f	\N	t	2026-03-21 00:32:12.225	2026-03-21 00:32:12.225
206c6d67-ef20-4ddc-9490-e7b5500a6529	federal	Connie	Lawrence	operations	\N	f	\N	\N	\N	14	f	\N	\N	cc32d145-a9cb-46fc-8816-73c55be9f328	\N	t	BFS SN	t	2026-03-21 00:32:12.229	2026-03-21 00:32:12.229
dbe6f102-575f-4b33-87d4-d90797b61527	federal	Richard	Li	operations	\N	f	\N	\N	\N	13	f	\N	\N	cc32d145-a9cb-46fc-8816-73c55be9f328	\N	f	100% on AIRS from Monday, Oct 20 - TBD	t	2026-03-21 00:32:12.234	2026-03-21 00:32:12.234
e05411e4-fb72-4826-b150-87516c301bbf	federal	Nikesh	Maharjan	operations	\N	f	\N	\N	\N	14	f	\N	\N	cc32d145-a9cb-46fc-8816-73c55be9f328	\N	f	\N	t	2026-03-21 00:32:12.238	2026-03-21 00:32:12.238
a1ecbba9-3d32-4e36-b6fb-41a750b9ad81	federal	Andrea	Miller	engineering	\N	f	\N	\N	\N	14	f	\N	\N	cc32d145-a9cb-46fc-8816-73c55be9f328	\N	f	\N	t	2026-03-21 00:32:12.245	2026-03-21 00:32:12.245
dd8badbc-e53b-445f-b66e-186079013bb9	federal	Matt	Moore	engineering	\N	f	\N	\N	\N	14	f	\N	\N	cc32d145-a9cb-46fc-8816-73c55be9f328	\N	f	Partial Support	t	2026-03-21 00:32:12.247	2026-03-21 00:32:12.247
ddfae2a3-d290-4e3f-a924-04f6eca2496f	federal	Mike	Moore	engineering	\N	f	\N	\N	\N	14	f	\N	\N	8d4e818b-1150-484e-9975-5996632ea0b4	\N	f	\N	t	2026-03-21 00:32:12.248	2026-03-21 00:32:12.248
656e2029-39cc-465c-9311-cbfe6ec9d341	federal	Tracey	Showman	operations	\N	f	\N	\N	\N	\N	f	\N	\N	3a1be46d-8d83-49f9-9ae4-b98d6bce989f	\N	f	\N	t	2026-03-21 00:32:12.26	2026-03-21 00:32:12.26
4e4a585b-6c18-448a-86d4-04b66b1a6a97	federal	Rachel	Teter	operations	\N	f	\N	\N	\N	\N	f	\N	\N	13ed1689-f388-47c6-9574-df77792b0ad3	\N	f	\N	t	2026-03-21 00:32:12.269	2026-03-21 00:32:12.269
c9d08626-f0ca-4b60-aa9b-c68ca8b25273	federal	Heather	Tilley	operations	\N	f	\N	\N	\N	14	f	\N	\N	cc32d145-a9cb-46fc-8816-73c55be9f328	\N	f	\N	t	2026-03-21 00:32:12.27	2026-03-21 00:32:12.27
51b2e33b-6fc5-4559-bb06-b3a9edb3ed98	contractor	Zack	Amores	operations	\N	f	\N	\N	\N	\N	\N	\N	\N	1e82da28-aab0-44c5-b790-7a4a31a6ef62	\N	f	\N	t	2026-03-21 00:32:12.3	2026-03-21 00:32:12.3
392c9da3-cc9b-4e1c-8791-fac715fb0a81	contractor	Jan	Arcalas	operations	\N	f	\N	\N	\N	\N	\N	\N	\N	cc32d145-a9cb-46fc-8816-73c55be9f328	\N	f	\N	t	2026-03-21 00:32:12.302	2026-03-21 00:32:12.302
5a215817-da36-4718-9de4-b97df55b3c97	contractor	Rahul	Badal	operations	\N	f	\N	\N	\N	\N	\N	\N	\N	bd4a69f6-f9e3-480b-875f-24ede057ce31	\N	f	\N	t	2026-03-21 00:32:12.305	2026-03-21 00:32:12.305
ed308dc9-2f2c-446c-8164-c71086a8e517	contractor	David	Barker	operations	\N	f	\N	\N	\N	\N	\N	\N	\N	1e82da28-aab0-44c5-b790-7a4a31a6ef62	\N	f	\N	t	2026-03-21 00:32:12.309	2026-03-21 00:32:12.309
24cd4978-ff37-4054-ac0c-35b66cb6bb0c	contractor	Franco	Berrocal	operations	\N	f	\N	\N	\N	\N	\N	\N	\N	cc32d145-a9cb-46fc-8816-73c55be9f328	\N	f	\N	t	2026-03-21 00:32:12.311	2026-03-21 00:32:12.311
9e7fae04-8d59-4cef-8468-6a00a501513d	contractor	Melanie	Bigler	operations	\N	f	\N	\N	\N	\N	\N	\N	\N	798f9f26-8bcb-42ef-ad25-c4dab4e6fb2c	\N	f	Maternity Leave: 8/13-10/30	t	2026-03-21 00:32:12.313	2026-03-21 00:32:12.313
47037311-989f-46fb-aaa7-79170e2a4077	contractor	Jeremy	Blackston	operations	\N	f	\N	\N	\N	\N	\N	\N	\N	eb9c8e2e-57d8-4c9e-b313-da211c891bff	\N	f	O&M Release Team, Service Desk, CCB and CMDB	t	2026-03-21 00:32:12.318	2026-03-21 00:32:12.318
cb9db173-c3d1-49bf-91d0-1e77fd6adca5	contractor	James	Bowen	operations	\N	f	\N	\N	\N	\N	\N	\N	\N	fb57f70b-9279-4604-9bea-f0280638426e	\N	f	Partial Support	t	2026-03-21 00:32:12.321	2026-03-21 00:32:12.321
a340945d-9a0c-4a55-af81-bdba24621910	contractor	Nick	Bresset	operations	\N	f	\N	\N	\N	\N	\N	\N	\N	798f9f26-8bcb-42ef-ad25-c4dab4e6fb2c	\N	f	\N	t	2026-03-21 00:32:12.327	2026-03-21 00:32:12.327
274a1cf7-7bcd-4bb5-907d-183f697a8a1b	contractor	Tatiana	Brown	operations	\N	f	\N	\N	\N	\N	\N	\N	\N	798f9f26-8bcb-42ef-ad25-c4dab4e6fb2c	\N	f	\N	t	2026-03-21 00:32:12.329	2026-03-21 00:32:12.329
2b3c3566-af5c-405d-954e-3f967b3960b2	federal	Gary Man-Kit	Lee	operations	\N	f	\N	9231026e-0b94-410e-86ee-a2307699839e	\N	14	f	\N	\N	8d4e818b-1150-484e-9975-5996632ea0b4	\N	f	Developer for Salesforce.  Should be able to help on Salesforce O&M items.\r\nPlatform Business Owner/Engineering Lead.	t	2026-03-21 00:32:12.232	2026-03-21 00:32:12.578
53832f8c-0e0f-4a13-9d8f-8fc218080f81	federal	Wesley	Presbury	operations	49279f9d-6bd9-4882-9d61-2510dd62768e	f	Howard/Mike Tripp	ef5924a7-4536-4364-a3e2-ca036299b8a3	b2b9362d-f3c1-4af1-9577-16f9078ef188	13	f	\N	\N	eb6e47da-b323-4279-b48d-6ddf9d37a102	\N	f	\N	t	2026-03-21 00:32:12.251	2026-03-21 00:32:12.58
cdb54cb1-89ee-4154-8a0b-16a3d9f6630a	federal	Nathan Fischer	Ranney	operations	cf19afc1-f902-42e5-9a81-29d12f7fa364	f	Helena/Niraj	624d8ace-8f38-49d3-be22-ab3a3b042c5b	b2b9362d-f3c1-4af1-9577-16f9078ef188	14	f	\N	\N	\N	\N	f	\N	t	2026-03-21 00:32:12.251	2026-03-21 00:32:12.581
8ddd9bf2-c99e-43b7-a4bd-4121a88168bd	federal	Shayan Faiq	Rashid	operations	cf19afc1-f902-42e5-9a81-29d12f7fa364	f	Helena/Niraj	624d8ace-8f38-49d3-be22-ab3a3b042c5b	b2b9362d-f3c1-4af1-9577-16f9078ef188	14	f	\N	\N	\N	\N	f	\N	t	2026-03-21 00:32:12.252	2026-03-21 00:32:12.581
9733eb04-c810-4d60-a96b-6d74860db164	federal	Ashok Kumer	Ray	operations	\N	f	\N	\N	b2b9362d-f3c1-4af1-9577-16f9078ef188	\N	f	\N	\N	\N	\N	f	MINT Business Owner/Engineering lead.	t	2026-03-21 00:32:12.253	2026-03-21 00:32:12.582
fc4fad72-9073-4d39-ade2-00dd1039464f	federal	Melvin	Russell	operations	\N	f	\N	\N	b2b9362d-f3c1-4af1-9577-16f9078ef188	14	f	\N	\N	cc32d145-a9cb-46fc-8816-73c55be9f328	\N	f	BFS SN\r\nFISCAL Business Owner/Engineering lead.	t	2026-03-21 00:32:12.256	2026-03-21 00:32:12.583
350a2853-37fb-41b6-851e-676b0f259b15	federal	David Joseph	Santa	operations	c4dae0df-caf8-4c67-99f7-610222a01b0c	f	\N	503f0b9a-95aa-4cf7-9653-1ee366430a6b	b2b9362d-f3c1-4af1-9577-16f9078ef188	14	f	\N	\N	13ed1689-f388-47c6-9574-df77792b0ad3	\N	f	Platform Business Owner/Engineering Lead.	t	2026-03-21 00:32:12.256	2026-03-21 00:32:12.584
47c730c8-ca1e-4a75-bd76-9edbd50f9b89	federal	Alex	Saunders	operations	\N	f	\N	\N	b2b9362d-f3c1-4af1-9577-16f9078ef188	14	f	\N	\N	cc32d145-a9cb-46fc-8816-73c55be9f328	13ed1689-f388-47c6-9574-df77792b0ad3	t	BFS SN\r\nFISCAL Business Owner/Engineering lead.	t	2026-03-21 00:32:12.257	2026-03-21 00:32:12.585
ce30d481-7da3-4e6d-a668-d0607a309719	federal	Joshua Dale	Smith	operations	813fa49e-1d13-4908-a18f-9d54e2d827f3	f	\N	2ec3df4a-860a-40d3-bf40-f05cbcf056e4	b2b9362d-f3c1-4af1-9577-16f9078ef188	14	f	\N	\N	8d4e818b-1150-484e-9975-5996632ea0b4	13ed1689-f388-47c6-9574-df77792b0ad3	f	\N	t	2026-03-21 00:32:12.262	2026-03-21 00:32:12.586
99218850-2542-4180-b1e0-ac80ea6c5b7c	federal	Nathan Oji	Strong	operations	\N	f	\N	\N	b2b9362d-f3c1-4af1-9577-16f9078ef188	\N	f	\N	\N	1e82da28-aab0-44c5-b790-7a4a31a6ef62	\N	f	\N	t	2026-03-21 00:32:12.265	2026-03-21 00:32:12.587
ebeb7045-7884-4390-9091-3b1fab8d0cbb	federal	Matthew Lee	Swales	operations	\N	f	\N	\N	b2b9362d-f3c1-4af1-9577-16f9078ef188	14	f	\N	\N	8d4e818b-1150-484e-9975-5996632ea0b4	13ed1689-f388-47c6-9574-df77792b0ad3	f	SN Lead working on BFS SN	t	2026-03-21 00:32:12.266	2026-03-21 00:32:12.587
3d3a2f76-c6b2-4c6d-a09d-94371844aa21	federal	Christopher Douglas	Wine	operations	\N	f	\N	\N	b2b9362d-f3c1-4af1-9577-16f9078ef188	14	f	\N	\N	cc32d145-a9cb-46fc-8816-73c55be9f328	\N	t	BFS SN	t	2026-03-21 00:32:12.272	2026-03-21 00:32:12.589
b0166275-bd53-44e5-be0b-4b1615d7ba1b	federal	Joseph Kenneth	Yates	operations	cf19afc1-f902-42e5-9a81-29d12f7fa364	f	\N	624d8ace-8f38-49d3-be22-ab3a3b042c5b	b2b9362d-f3c1-4af1-9577-16f9078ef188	\N	f	\N	\N	\N	\N	f	\N	t	2026-03-21 00:32:12.273	2026-03-21 00:32:12.589
b2b9362d-f3c1-4af1-9577-16f9078ef188	federal	William John	Marcinko	operations	\N	t	\N	\N	\N	\N	f	\N	\N	3a1be46d-8d83-49f9-9ae4-b98d6bce989f	\N	f	\N	t	2026-03-21 00:32:12.243	2026-03-21 00:32:12.591
1f00c073-2b5a-4938-bcc3-95bfa8e48098	contractor	Chelsea	Burnett	operations	\N	f	\N	\N	\N	\N	\N	\N	\N	13ed1689-f388-47c6-9574-df77792b0ad3	\N	f	\N	t	2026-03-21 00:32:12.331	2026-03-21 00:32:12.331
a48307b7-6aae-4ffd-91d6-a036c6b7efac	contractor	Jeff	Charbonnet	operations	\N	f	\N	\N	\N	\N	\N	\N	\N	bd4a69f6-f9e3-480b-875f-24ede057ce31	\N	f	\N	t	2026-03-21 00:32:12.333	2026-03-21 00:32:12.333
312e971e-2e42-4c30-b466-17b8ae9c275e	contractor	Dunstan	Christopher	operations	\N	f	\N	\N	\N	\N	\N	\N	\N	bd4a69f6-f9e3-480b-875f-24ede057ce31	\N	f	SPM	t	2026-03-21 00:32:12.335	2026-03-21 00:32:12.335
115f5dc9-66a8-469a-9c30-cf57710aed53	contractor	Paris	Collins	operations	\N	f	\N	\N	\N	\N	\N	\N	\N	0574ab3a-28d7-44e4-a3c6-95aa132b9a29	\N	f	\N	t	2026-03-21 00:32:12.337	2026-03-21 00:32:12.337
357095e8-e921-4911-b4ed-db0a8068e7de	contractor	Jim	Consalvi	operations	\N	f	\N	\N	\N	\N	\N	\N	\N	13ed1689-f388-47c6-9574-df77792b0ad3	\N	f	\N	t	2026-03-21 00:32:12.339	2026-03-21 00:32:12.339
1430c717-003d-4529-8670-98610a50c7de	contractor	Franco	Costa	operations	\N	f	\N	\N	\N	\N	\N	\N	\N	1e82da28-aab0-44c5-b790-7a4a31a6ef62	\N	f	\N	t	2026-03-21 00:32:12.34	2026-03-21 00:32:12.34
e17b5a3f-a489-4409-ab1a-bfe24a41feae	contractor	Chris	Daly	operations	\N	f	\N	\N	\N	\N	\N	\N	\N	cc32d145-a9cb-46fc-8816-73c55be9f328	\N	f	Reach back support to DRP/Hiring Freeze	t	2026-03-21 00:32:12.346	2026-03-21 00:32:12.346
5f9dc8d0-c7c7-4175-9348-cad389384009	contractor	Jenn	Davis	operations	\N	f	\N	\N	\N	\N	\N	\N	\N	1e82da28-aab0-44c5-b790-7a4a31a6ef62	\N	f	\N	t	2026-03-21 00:32:12.347	2026-03-21 00:32:12.347
b59e6423-dd43-455b-9bd2-3ee2a1539661	contractor	Spencer	Dean	operations	\N	f	\N	\N	\N	\N	\N	\N	\N	bd4a69f6-f9e3-480b-875f-24ede057ce31	\N	f	\N	t	2026-03-21 00:32:12.349	2026-03-21 00:32:12.349
ae90a969-f4ef-4868-aabc-6ab38804be22	contractor	Fernando	Delgado	operations	\N	f	\N	\N	\N	\N	\N	\N	\N	1e82da28-aab0-44c5-b790-7a4a31a6ef62	\N	f	\N	t	2026-03-21 00:32:12.351	2026-03-21 00:32:12.351
72068933-0fa3-421c-991d-92cf750f1134	contractor	Samuel	DiRamio	operations	\N	f	\N	\N	\N	\N	\N	\N	\N	fb57f70b-9279-4604-9bea-f0280638426e	\N	f	\N	t	2026-03-21 00:32:12.355	2026-03-21 00:32:12.355
48f95ac1-9af6-4943-bd40-20ff3add7e1a	contractor	Robert	Doner	operations	\N	f	\N	\N	\N	\N	\N	\N	\N	fb57f70b-9279-4604-9bea-f0280638426e	\N	f	\N	t	2026-03-21 00:32:12.362	2026-03-21 00:32:12.362
d06ce29c-bc8c-48f1-968a-fa56239eae5f	contractor	Shaun	Donovan	operations	\N	f	\N	\N	\N	\N	\N	\N	\N	eb9c8e2e-57d8-4c9e-b313-da211c891bff	\N	f	Tier 1 / Release Management \r\nPartial Support	t	2026-03-21 00:32:12.372	2026-03-21 00:32:12.372
f90c3846-993c-4d45-9309-7a7c93c1a136	contractor	David	Drake	operations	\N	f	\N	\N	\N	\N	\N	\N	\N	ede93fe6-ec71-40fe-bb8e-9d39437b63bd	\N	f	Partial Support	t	2026-03-21 00:32:12.377	2026-03-21 00:32:12.377
96e1ec8d-3b4e-4fa5-9146-cda209b17d81	contractor	Nimota	Erinle	operations	\N	f	\N	\N	\N	\N	\N	\N	\N	13ed1689-f388-47c6-9574-df77792b0ad3	\N	f	\N	t	2026-03-21 00:32:12.381	2026-03-21 00:32:12.381
0ebeef9c-c8b7-4fcf-8ecd-a608bf45b66c	contractor	Ayodele	Fakayode	operations	\N	f	\N	\N	\N	\N	\N	\N	\N	cc32d145-a9cb-46fc-8816-73c55be9f328	\N	f	Best suited for a security or ITSM related project. \r\nSkills include having experience with many modules and is comfortable being customer facing.	t	2026-03-21 00:32:12.382	2026-03-21 00:32:12.382
f2295516-afa5-4315-9fad-8ff5f59f15db	contractor	Margarita	Gamolina	operations	\N	f	\N	\N	\N	\N	\N	\N	\N	cc32d145-a9cb-46fc-8816-73c55be9f328	\N	f	\N	t	2026-03-21 00:32:12.384	2026-03-21 00:32:12.384
498ba9f4-2ccf-417c-9da7-3778004e9561	contractor	Josh	Griffin	operations	\N	f	\N	\N	\N	\N	\N	\N	\N	1e82da28-aab0-44c5-b790-7a4a31a6ef62	\N	f	\N	t	2026-03-21 00:32:12.386	2026-03-21 00:32:12.386
0a6145eb-362a-4afb-8b7f-853109ebe8a7	contractor	Kenneth	Gu	operations	\N	f	\N	\N	\N	\N	\N	\N	\N	cc32d145-a9cb-46fc-8816-73c55be9f328	\N	f	\N	t	2026-03-21 00:32:12.388	2026-03-21 00:32:12.388
ef498810-796c-479d-9590-15cd7fd56e11	contractor	Ruth	Gyamfi	operations	\N	f	\N	\N	\N	\N	\N	\N	\N	798f9f26-8bcb-42ef-ad25-c4dab4e6fb2c	\N	f	508 Tester	t	2026-03-21 00:32:12.399	2026-03-21 00:32:12.399
b46abdd7-e810-4eb1-9e4a-6b56b1a76c74	contractor	Frank	Hammond	operations	\N	f	\N	\N	\N	\N	\N	\N	\N	cc32d145-a9cb-46fc-8816-73c55be9f328	\N	f	\N	t	2026-03-21 00:32:12.401	2026-03-21 00:32:12.401
ed1fa84b-e205-404e-a3a2-421cb4b6dbd8	contractor	Mike	Hanko	operations	\N	f	\N	\N	\N	\N	\N	\N	\N	13ed1689-f388-47c6-9574-df77792b0ad3	\N	f	\N	t	2026-03-21 00:32:12.403	2026-03-21 00:32:12.403
ef061f6a-3cff-492d-9f40-4725d997c28f	contractor	Charles	Herndon	operations	\N	f	\N	\N	\N	\N	\N	\N	\N	bd4a69f6-f9e3-480b-875f-24ede057ce31	\N	f	Need info for Charles	t	2026-03-21 00:32:12.405	2026-03-21 00:32:12.405
cada44f4-7270-4129-88dc-4c0e9f2e3767	contractor	James	Higgins	operations	\N	f	\N	\N	\N	\N	\N	\N	\N	cc32d145-a9cb-46fc-8816-73c55be9f328	\N	f	\N	t	2026-03-21 00:32:12.408	2026-03-21 00:32:12.408
daf0b767-9b88-4589-a39b-f632dd7036c3	contractor	Tam-Thien	Hoang	operations	\N	f	\N	\N	\N	\N	\N	\N	\N	cc32d145-a9cb-46fc-8816-73c55be9f328	\N	f	\N	t	2026-03-21 00:32:12.411	2026-03-21 00:32:12.411
ace48c0a-5c2b-489a-804d-e10a32852a6b	contractor	Daniel	Hong	operations	\N	f	\N	\N	\N	\N	\N	\N	\N	cc32d145-a9cb-46fc-8816-73c55be9f328	\N	f	\N	t	2026-03-21 00:32:12.413	2026-03-21 00:32:12.413
c939b7cf-4c77-4438-aa3b-91b71b536a84	contractor	Melissa	Jansz	operations	\N	f	\N	\N	\N	\N	\N	\N	\N	1e82da28-aab0-44c5-b790-7a4a31a6ef62	\N	f	\N	t	2026-03-21 00:32:12.414	2026-03-21 00:32:12.414
40c58b9a-d604-4a92-914a-88f3ef861173	contractor	Peggy	Johnson	operations	\N	f	\N	\N	\N	\N	\N	\N	\N	13ed1689-f388-47c6-9574-df77792b0ad3	\N	f	\N	t	2026-03-21 00:32:12.416	2026-03-21 00:32:12.416
1df7ed1a-31d3-4b1f-8f79-97bdb154ae7e	contractor	Taylor	Johnson	operations	\N	f	\N	\N	\N	\N	\N	\N	\N	eb9c8e2e-57d8-4c9e-b313-da211c891bff	\N	f	OOO from 7/23-8/25\r\nPartial Support	t	2026-03-21 00:32:12.418	2026-03-21 00:32:12.418
e9d44198-871e-4274-bdeb-1407723b9358	contractor	Tim (Yi)	Kao	operations	\N	f	\N	\N	\N	\N	\N	\N	\N	798f9f26-8bcb-42ef-ad25-c4dab4e6fb2c	\N	f	Will be 100% on OM dev. Has a skillset in HF and Sentry	t	2026-03-21 00:32:12.42	2026-03-21 00:32:12.42
76559d9f-f8a6-49ad-b6d0-69be7687a10b	contractor	Melissa Gardner	Knapik	operations	\N	f	\N	\N	\N	\N	\N	\N	\N	1e82da28-aab0-44c5-b790-7a4a31a6ef62	\N	f	Provides white glove service for Tier 1/communications. Responsible for ChatGPT VIP Comms	t	2026-03-21 00:32:12.422	2026-03-21 00:32:12.422
6a876988-aef7-4c8a-a5e1-f2ef3edd9d0a	contractor	Dave	Lambermont	operations	\N	f	\N	\N	\N	\N	\N	\N	\N	cc32d145-a9cb-46fc-8816-73c55be9f328	\N	f	\N	t	2026-03-21 00:32:12.425	2026-03-21 00:32:12.425
3390bd16-6d5a-4a99-a2bd-a0c67fae52ab	contractor	Andrew	Lawlor	operations	\N	f	\N	\N	\N	\N	\N	\N	\N	bd4a69f6-f9e3-480b-875f-24ede057ce31	\N	f	Reachback Support	t	2026-03-21 00:32:12.427	2026-03-21 00:32:12.427
96dd9347-7a22-49b4-bb6c-07d2bbe8b8b8	contractor	Gary	Lee	operations	\N	f	\N	\N	\N	\N	\N	\N	\N	d5cc75ee-de89-4af0-8f9d-33eb45bd8c41	\N	f	\N	t	2026-03-21 00:32:12.434	2026-03-21 00:32:12.434
439d5f44-13db-42ae-90d1-2792403967bd	contractor	Katie	Mansour	operations	\N	f	\N	\N	\N	\N	\N	\N	\N	13ed1689-f388-47c6-9574-df77792b0ad3	\N	f	\N	t	2026-03-21 00:32:12.436	2026-03-21 00:32:12.436
1264dc1b-746f-48f1-a614-80361b64f628	contractor	Devin	McKenna	operations	\N	f	\N	\N	\N	\N	\N	\N	\N	13ed1689-f388-47c6-9574-df77792b0ad3	\N	f	\N	t	2026-03-21 00:32:12.439	2026-03-21 00:32:12.439
62e2e89c-a088-4e10-a30f-180f4cb580cc	contractor	Engouday	Mekonnen	operations	\N	f	\N	\N	\N	\N	\N	\N	\N	1e82da28-aab0-44c5-b790-7a4a31a6ef62	\N	f	\N	t	2026-03-21 00:32:12.44	2026-03-21 00:32:12.44
cbba4010-c27e-408c-9c8e-d4d06bbacca3	contractor	Kameren	Miller	operations	\N	f	\N	\N	\N	\N	\N	\N	\N	1e82da28-aab0-44c5-b790-7a4a31a6ef62	\N	f	\N	t	2026-03-21 00:32:12.442	2026-03-21 00:32:12.442
a0b7c1f5-28a2-4884-a9fe-1fcfa9659a9d	contractor	Iain	Molland	operations	\N	f	\N	\N	\N	\N	\N	\N	\N	13ed1689-f388-47c6-9574-df77792b0ad3	\N	f	May have bandwidth but need to go through intake backlog first.	t	2026-03-21 00:32:12.449	2026-03-21 00:32:12.449
91720257-c468-446a-851b-ab9135e02e5a	contractor	Ryan	Morgan	operations	\N	f	\N	\N	\N	\N	\N	\N	\N	1e82da28-aab0-44c5-b790-7a4a31a6ef62	\N	f	\N	t	2026-03-21 00:32:12.452	2026-03-21 00:32:12.452
8e078f27-0ba2-4a37-b1a0-5ee400d1f9e8	contractor	Kouros	Mousavi	operations	\N	f	\N	\N	\N	\N	\N	\N	\N	13ed1689-f388-47c6-9574-df77792b0ad3	\N	f	HR/TDRP Items	t	2026-03-21 00:32:12.455	2026-03-21 00:32:12.455
24bd4d4b-181a-475f-9a35-d0a51c9d5222	contractor	Phong	Nguyen	operations	\N	f	\N	\N	\N	\N	\N	\N	\N	798f9f26-8bcb-42ef-ad25-c4dab4e6fb2c	\N	f	\N	t	2026-03-21 00:32:12.458	2026-03-21 00:32:12.458
a1a47450-74e0-4a6a-a3e3-42863f984adc	contractor	Rajdeep	Oberoi	operations	\N	f	\N	\N	\N	\N	\N	\N	\N	1e82da28-aab0-44c5-b790-7a4a31a6ef62	\N	f	OCA	t	2026-03-21 00:32:12.46	2026-03-21 00:32:12.46
f5b8b519-c466-479b-ac91-efe1a2d7cf98	contractor	Amber	Owens	operations	\N	f	\N	\N	\N	\N	\N	\N	\N	fb57f70b-9279-4604-9bea-f0280638426e	\N	f	\N	t	2026-03-21 00:32:12.462	2026-03-21 00:32:12.462
660b7dce-73ae-4ab6-b10c-9398c1267fdb	contractor	John Fulati	Paerhati	operations	\N	f	\N	\N	\N	\N	\N	\N	\N	798f9f26-8bcb-42ef-ad25-c4dab4e6fb2c	\N	f	Supporting automated testing	t	2026-03-21 00:32:12.464	2026-03-21 00:32:12.464
39c3138f-1932-4859-a660-1d0c9f53899f	contractor	Alison	Parnther	operations	\N	f	\N	\N	\N	\N	\N	\N	\N	1e82da28-aab0-44c5-b790-7a4a31a6ef62	\N	f	\N	t	2026-03-21 00:32:12.465	2026-03-21 00:32:12.465
35e96566-1384-48f0-ba59-20b088f50d43	contractor	Cori	Pavlofsky	operations	\N	f	\N	\N	\N	\N	\N	\N	\N	798f9f26-8bcb-42ef-ad25-c4dab4e6fb2c	\N	f	\N	t	2026-03-21 00:32:12.473	2026-03-21 00:32:12.473
fa15b856-b111-486d-aabe-da74607cec27	contractor	Jose	Perez	operations	\N	f	\N	\N	\N	\N	\N	\N	\N	ede93fe6-ec71-40fe-bb8e-9d39437b63bd	\N	f	CCB and Change Management	t	2026-03-21 00:32:12.478	2026-03-21 00:32:12.478
c2def97e-e5a5-4d00-b5b8-98db42b171b6	contractor	Evgeniya (Jane)	Perfilova	operations	\N	f	\N	\N	\N	\N	\N	\N	\N	1e82da28-aab0-44c5-b790-7a4a31a6ef62	\N	f	\N	t	2026-03-21 00:32:12.48	2026-03-21 00:32:12.48
dc051edc-f324-4180-81ab-37971fa69d6d	contractor	Chris	Pieratt	operations	\N	f	\N	\N	\N	\N	\N	\N	\N	eb9c8e2e-57d8-4c9e-b313-da211c891bff	ede93fe6-ec71-40fe-bb8e-9d39437b63bd	f	\N	t	2026-03-21 00:32:12.483	2026-03-21 00:32:12.483
34172107-ab43-4fb3-acc8-2aafa43bc4e4	contractor	Cody	Pinkerton	operations	\N	f	\N	\N	\N	\N	\N	\N	\N	bd4a69f6-f9e3-480b-875f-24ede057ce31	\N	f	\N	t	2026-03-21 00:32:12.486	2026-03-21 00:32:12.486
8a6cdc8f-6f34-4c5e-b9ad-b775543173b1	contractor	Ricardo	Porrata	operations	\N	f	\N	\N	\N	\N	\N	\N	\N	cc32d145-a9cb-46fc-8816-73c55be9f328	\N	f	\N	t	2026-03-21 00:32:12.489	2026-03-21 00:32:12.489
77482b9b-2791-48d3-aac3-b49cf39e4fb4	contractor	Caroline	Pridgen	operations	\N	f	\N	\N	\N	\N	\N	\N	\N	cc32d145-a9cb-46fc-8816-73c55be9f328	\N	f	\N	t	2026-03-21 00:32:12.497	2026-03-21 00:32:12.497
75581980-d64c-4acb-8a2e-2b0b4913f864	contractor	Victoria	Puryear	operations	\N	f	\N	\N	\N	\N	\N	\N	\N	13ed1689-f388-47c6-9574-df77792b0ad3	\N	f	\N	t	2026-03-21 00:32:12.504	2026-03-21 00:32:12.504
e36a8380-7190-4501-a755-1ec4b0b2ce77	contractor	Ranya	Radwan	operations	\N	f	\N	\N	\N	\N	\N	\N	\N	1e82da28-aab0-44c5-b790-7a4a31a6ef62	\N	f	\N	t	2026-03-21 00:32:12.506	2026-03-21 00:32:12.506
cffc0d72-179f-4961-ba13-fa1fca5add3d	contractor	Chris	Revelle	operations	\N	f	\N	\N	\N	\N	\N	\N	\N	cc32d145-a9cb-46fc-8816-73c55be9f328	\N	f	\N	t	2026-03-21 00:32:12.509	2026-03-21 00:32:12.509
45222ac5-895e-4e49-88a2-6fc9c1f0d4b5	contractor	Andrew	Rice	operations	\N	f	\N	\N	\N	\N	\N	\N	\N	1e82da28-aab0-44c5-b790-7a4a31a6ef62	\N	f	\N	t	2026-03-21 00:32:12.511	2026-03-21 00:32:12.511
83d7b274-6a28-4e3a-a378-1037788c9cad	contractor	Emily	Ritter	operations	\N	f	\N	\N	\N	\N	\N	\N	\N	13ed1689-f388-47c6-9574-df77792b0ad3	\N	f	\N	t	2026-03-21 00:32:12.513	2026-03-21 00:32:12.513
833fdc30-6867-4e26-975d-ea72cd72f0b0	contractor	Kim	Rossetto	operations	\N	f	\N	\N	\N	\N	\N	\N	\N	cc32d145-a9cb-46fc-8816-73c55be9f328	\N	f	HR/TDRP Items	t	2026-03-21 00:32:12.514	2026-03-21 00:32:12.514
3774ce6f-aee2-4645-bf7c-22cf022fba83	contractor	Rodolfo	Sandoval	operations	\N	f	\N	\N	\N	\N	\N	\N	\N	1e82da28-aab0-44c5-b790-7a4a31a6ef62	\N	f	\N	t	2026-03-21 00:32:12.516	2026-03-21 00:32:12.516
59dd668d-ef69-4bcf-8b64-aac221a91ede	contractor	Mollie	Scarpino	operations	\N	f	\N	\N	\N	\N	\N	\N	\N	1e82da28-aab0-44c5-b790-7a4a31a6ef62	\N	f	\N	t	2026-03-21 00:32:12.518	2026-03-21 00:32:12.518
25671d9e-d728-49ef-b96b-bd2979b85f5b	contractor	Ryan	Schnarre	operations	\N	f	\N	\N	\N	\N	\N	\N	\N	cc32d145-a9cb-46fc-8816-73c55be9f328	\N	f	Sentry O&M	t	2026-03-21 00:32:12.52	2026-03-21 00:32:12.52
1dd06aeb-b2ca-4682-9f92-2fe874f2b881	contractor	Michael	Schwartz	operations	\N	f	\N	\N	\N	\N	\N	\N	\N	0574ab3a-28d7-44e4-a3c6-95aa132b9a29	\N	f	\N	t	2026-03-21 00:32:12.522	2026-03-21 00:32:12.522
9b7467de-e272-436a-9c6f-fed4b637f274	contractor	Ryan	Scott	operations	\N	f	\N	\N	\N	\N	\N	\N	\N	fb57f70b-9279-4604-9bea-f0280638426e	\N	f	Service Desk and Release	t	2026-03-21 00:32:12.524	2026-03-21 00:32:12.524
f2c799fa-e6a3-4035-812c-33b5aab125a0	contractor	Chris	Sharmon	operations	\N	f	\N	\N	\N	\N	\N	\N	\N	798f9f26-8bcb-42ef-ad25-c4dab4e6fb2c	\N	f	\N	t	2026-03-21 00:32:12.525	2026-03-21 00:32:12.525
b601f507-c84e-4a62-a492-11fe3a34d27a	contractor	Ben	Taylor	operations	\N	f	\N	\N	\N	\N	\N	\N	\N	cc32d145-a9cb-46fc-8816-73c55be9f328	\N	f	\N	t	2026-03-21 00:32:12.528	2026-03-21 00:32:12.528
8c980e8a-51fa-4cac-9616-a634210cd146	contractor	Juan	Taylor	operations	\N	f	\N	\N	\N	\N	\N	\N	\N	cc32d145-a9cb-46fc-8816-73c55be9f328	\N	f	\N	t	2026-03-21 00:32:12.531	2026-03-21 00:32:12.531
128564ec-b3d4-4028-90a3-826bb81d10ec	contractor	Chudney	Tetteh	operations	\N	f	\N	\N	\N	\N	\N	\N	\N	13ed1689-f388-47c6-9574-df77792b0ad3	\N	f	\N	t	2026-03-21 00:32:12.534	2026-03-21 00:32:12.534
2b08316a-fc2c-4b77-9b8a-1846ba332c44	contractor	Christopher	Thompson	operations	\N	f	\N	\N	\N	\N	\N	\N	\N	bd4a69f6-f9e3-480b-875f-24ede057ce31	\N	f	Dev Lead\r\n100% through December	t	2026-03-21 00:32:12.538	2026-03-21 00:32:12.538
db87482c-6555-4665-b59e-3217628a60c1	contractor	Devin	Thorpe	operations	\N	f	\N	\N	\N	\N	\N	\N	\N	1e82da28-aab0-44c5-b790-7a4a31a6ef62	\N	f	\N	t	2026-03-21 00:32:12.541	2026-03-21 00:32:12.541
bd9dd5c5-4f16-4cd6-b60d-531a3c992282	contractor	Mara	Ursu	operations	\N	f	\N	\N	\N	\N	\N	\N	\N	1e82da28-aab0-44c5-b790-7a4a31a6ef62	\N	f	\N	t	2026-03-21 00:32:12.544	2026-03-21 00:32:12.544
4472ccc9-a3f2-4c10-b01e-6da9b7dd566c	contractor	Marsha	Velez	operations	\N	f	\N	\N	\N	\N	\N	\N	\N	1e82da28-aab0-44c5-b790-7a4a31a6ef62	\N	f	may have bandwidth.	t	2026-03-21 00:32:12.545	2026-03-21 00:32:12.545
c0e5f58d-7b4e-4ea0-ae66-1377560eb9ca	contractor	Matt	Videan	operations	\N	f	\N	\N	\N	\N	\N	\N	\N	cc32d145-a9cb-46fc-8816-73c55be9f328	\N	f	Previous development experience includes Enterprise Cyber Activities, and GRC	t	2026-03-21 00:32:12.547	2026-03-21 00:32:12.547
1b98ebfe-66b1-4a53-bb1e-e681ef23d9e0	contractor	Shelbi	Walker	operations	\N	f	\N	\N	\N	\N	\N	\N	\N	1e82da28-aab0-44c5-b790-7a4a31a6ef62	\N	f	\N	t	2026-03-21 00:32:12.548	2026-03-21 00:32:12.548
f140ec29-def9-4843-9493-fa7901d740f4	contractor	John	Weiss	operations	\N	f	\N	\N	\N	\N	\N	\N	\N	13ed1689-f388-47c6-9574-df77792b0ad3	\N	f	\N	t	2026-03-21 00:32:12.551	2026-03-21 00:32:12.551
dc3ccacb-d8c1-4b7a-87e0-d6e3c1ec1432	contractor	Nick	Wilson	operations	\N	f	\N	\N	\N	\N	\N	\N	\N	cc32d145-a9cb-46fc-8816-73c55be9f328	\N	f	\N	t	2026-03-21 00:32:12.553	2026-03-21 00:32:12.553
036b0644-5fbc-4b78-9d9f-cf81f07332df	contractor	Jeremy	Wirth	operations	\N	f	\N	\N	\N	\N	\N	\N	\N	cc32d145-a9cb-46fc-8816-73c55be9f328	\N	f	\N	t	2026-03-21 00:32:12.554	2026-03-21 00:32:12.554
d31c9b6b-1da2-48bc-9edd-df649a462bf0	contractor	Amar	Yousaf	operations	\N	f	\N	\N	\N	\N	\N	\N	\N	13ed1689-f388-47c6-9574-df77792b0ad3	\N	f	Currently handling O&M cyber work. \r\n\r\nHas bandwidth for a new project. Best suited for security and ITSM related projects.	t	2026-03-21 00:32:12.556	2026-03-21 00:32:12.556
8fd8dfc8-9df0-43b4-8289-373b603d0959	federal	Vinod Kumar	Adimulam	operations	cf19afc1-f902-42e5-9a81-29d12f7fa364	f	Helena/Niraj	503f0b9a-95aa-4cf7-9653-1ee366430a6b	b2b9362d-f3c1-4af1-9577-16f9078ef188	14	f	\N	\N	eb9c8e2e-57d8-4c9e-b313-da211c891bff	13ed1689-f388-47c6-9574-df77792b0ad3	f	Vinod support eDiscovery and ensures we are supporting OGC, OFAC, TTB and FINCNEN for their eDiscovery needs.  He is hands on and specialized for the NUIX Discovery tool.	t	2026-03-21 00:32:12.135	2026-03-21 00:32:12.562
08668067-2a33-4a1e-9dfe-f30bfcb35246	federal	Brendan John	Carey	operations	c4dae0df-caf8-4c67-99f7-610222a01b0c	f	\N	503f0b9a-95aa-4cf7-9653-1ee366430a6b	b2b9362d-f3c1-4af1-9577-16f9078ef188	\N	f	\N	\N	\N	\N	f	Brendan is providing cyber support for several current applications.  He is also assisting the cyber organization on the new AWS AI environment to get an ATO.	t	2026-03-21 00:32:12.16	2026-03-21 00:32:12.565
78141d93-3e87-45d5-9462-ac682b26a3ee	federal	Angel Ramon	Cuevas	operations	c4dae0df-caf8-4c67-99f7-610222a01b0c	f	\N	503f0b9a-95aa-4cf7-9653-1ee366430a6b	b2b9362d-f3c1-4af1-9577-16f9078ef188	\N	f	\N	\N	fb57f70b-9279-4604-9bea-f0280638426e	\N	f	Angel is fullly supporting eDiscovery and FOIAxPress (hands on) as a Systems Admin.  If we move him from this role we would have to backfill with contractor support.This is ongoing Platform Operations	t	2026-03-21 00:32:12.178	2026-03-21 00:32:12.568
f50b0ad6-afe4-4aa0-98f0-8aa3baae97da	federal	Jaheed	Gudikal Sheikh	operations	49279f9d-6bd9-4882-9d61-2510dd62768e	f	Howard/Mike Tripp	503f0b9a-95aa-4cf7-9653-1ee366430a6b	b2b9362d-f3c1-4af1-9577-16f9078ef188	\N	f	\N	\N	bd4a69f6-f9e3-480b-875f-24ede057ce31	\N	f	Jaheed is fully supporting ongoing system for Public Web.  Once this is moved to Hugo, we will have to determing our opperating strategy.	t	2026-03-21 00:32:12.201	2026-03-21 00:32:12.571
d11040db-11db-41ff-897f-562b4d77ae3d	federal	Geoffrey Shannon	Karr	operations	\N	f	\N	9231026e-0b94-410e-86ee-a2307699839e	b2b9362d-f3c1-4af1-9577-16f9078ef188	13	f	\N	\N	\N	\N	f	Has space for work.\r\nUI/UX Business Owner/Engineering Lead.	t	2026-03-21 00:32:12.22	2026-03-21 00:32:12.577
b0469c4e-1549-4be2-b70d-175f3755d5ee	federal	Timothy (Cody)	Kavanagh	operations	\N	f	Cody Kavangh	2ec3df4a-860a-40d3-bf40-f05cbcf056e4	b2b9362d-f3c1-4af1-9577-16f9078ef188	14	f	\N	\N	8d4e818b-1150-484e-9975-5996632ea0b4	\N	f	\N	t	2026-03-21 00:32:12.223	2026-03-21 00:32:12.577
b43b8331-4834-4fec-b8c4-86377fd2ff40	federal	Nicholas Daniel	Leake	operations	\N	f	\N	9231026e-0b94-410e-86ee-a2307699839e	b2b9362d-f3c1-4af1-9577-16f9078ef188	14	f	\N	\N	9b779f65-f628-445e-a63b-da75ef665cf3	\N	f	UI/UX Business Owner/Engineering Lead.	t	2026-03-21 00:32:12.23	2026-03-21 00:32:12.578
9ac3092b-d43f-48f3-a4af-505de607dcff	federal	Nicholas Joseph	Phifer	operations	c4dae0df-caf8-4c67-99f7-610222a01b0c	f	\N	503f0b9a-95aa-4cf7-9653-1ee366430a6b	b2b9362d-f3c1-4af1-9577-16f9078ef188	14	f	\N	\N	\N	\N	f	Platform Business Owner/Engineering Lead.	t	2026-03-21 00:32:12.25	2026-03-21 00:32:12.58
58f29c9c-645c-4c40-a915-549644da3474	federal	Brynn E	Riordan	operations	\N	f	\N	\N	b2b9362d-f3c1-4af1-9577-16f9078ef188	14	f	\N	\N	cc32d145-a9cb-46fc-8816-73c55be9f328	\N	f	BFS SN\r\nFISCAL Business Owner/Engineering lead.	t	2026-03-21 00:32:12.253	2026-03-21 00:32:12.583
a6b1148d-4f3a-490f-85a7-8b0d97627729	federal	Richard Dong-Yup	Shin	operations	c4dae0df-caf8-4c67-99f7-610222a01b0c	f	\N	503f0b9a-95aa-4cf7-9653-1ee366430a6b	b2b9362d-f3c1-4af1-9577-16f9078ef188	11	f	\N	\N	cc32d145-a9cb-46fc-8816-73c55be9f328	\N	f	Platform Business Owner/Engineering Lead.	t	2026-03-21 00:32:12.259	2026-03-21 00:32:12.585
aa0fdbba-a1e5-412e-99d8-ede09b612bb5	federal	Jeffrey Diaz	Syfu	operations	\N	f	\N	9231026e-0b94-410e-86ee-a2307699839e	b2b9362d-f3c1-4af1-9577-16f9078ef188	14	f	\N	\N	13ed1689-f388-47c6-9574-df77792b0ad3	\N	f	UI/UX Business Owner/Engineering Lead.	t	2026-03-21 00:32:12.267	2026-03-21 00:32:12.588
503f0b9a-95aa-4cf7-9653-1ee366430a6b	federal	Kevin Vincent	Dowling	operations	c4dae0df-caf8-4c67-99f7-610222a01b0c	t	\N	b2b9362d-f3c1-4af1-9577-16f9078ef188	b2b9362d-f3c1-4af1-9577-16f9078ef188	15	f	\N	\N	\N	\N	f	Kevin is focused on platform operations for the PowerPlatform.  We could centrally locate all platform operations to Kevin.  Meaning Salesforce/ServiceNow in the future.	t	2026-03-21 00:32:12.191	2026-03-21 00:32:12.591
624d8ace-8f38-49d3-be22-ab3a3b042c5b	federal	Helena	Mainoo	operations	cf19afc1-f902-42e5-9a81-29d12f7fa364	t	\N	b2b9362d-f3c1-4af1-9577-16f9078ef188	b2b9362d-f3c1-4af1-9577-16f9078ef188	15	f	\N	\N	9fb2e38f-8a87-4d25-aee1-f487150ff9b7	\N	f	\N	t	2026-03-21 00:32:12.242	2026-03-21 00:32:12.591
9231026e-0b94-410e-86ee-a2307699839e	federal	Matthew James	Stevenson	operations	\N	t	\N	b2b9362d-f3c1-4af1-9577-16f9078ef188	b2b9362d-f3c1-4af1-9577-16f9078ef188	15	f	\N	\N	\N	\N	f	UI/UX Business Owner/Engineering Lead.	t	2026-03-21 00:32:12.265	2026-03-21 00:32:12.591
ef5924a7-4536-4364-a3e2-ca036299b8a3	federal	Howard Leroy	Zach	operations	49279f9d-6bd9-4882-9d61-2510dd62768e	t	Howard/Mike Tripp	b2b9362d-f3c1-4af1-9577-16f9078ef188	\N	15	f	\N	\N	3a1be46d-8d83-49f9-9ae4-b98d6bce989f	\N	f	Process Improvement/Task Management	t	2026-03-21 00:32:12.273	2026-03-21 00:32:12.591
\.


--
-- Data for Name: roles; Type: TABLE DATA; Schema: public; Owner: staffing_user
--

COPY public.roles (id, name, sort_order) FROM stdin;
85a53a4f-d8b5-407c-ae02-fb4ff28498a0	Administrative Assistant	0
bd4a69f6-f9e3-480b-875f-24ede057ce31	Architect	1
1e82da28-aab0-44c5-b790-7a4a31a6ef62	Business Analyst	2
8d4e818b-1150-484e-9975-5996632ea0b4	Business Product Owner	3
d5cc75ee-de89-4af0-8f9d-33eb45bd8c41	Communications	4
c0b6a892-d999-4609-9c74-73ebd9197dcd	Configuration Management	5
eb6e47da-b323-4279-b48d-6ddf9d37a102	Content Management	6
c6e02041-ceca-43c1-beba-b5ff02296ffe	Contract Management	7
a86d7991-4274-46fd-a445-be9c0bf4328a	Data Analyst	8
9b779f65-f628-445e-a63b-da75ef665cf3	Designer	9
cc32d145-a9cb-46fc-8816-73c55be9f328	Developer	10
c5f8d99f-03bf-4b0b-aca5-a70c341599f1	Director	11
a9c2dff8-d986-47bb-9896-812a555621d4	Engineer	12
0574ab3a-28d7-44e4-a3c6-95aa132b9a29	Engineer - Cybersecurity	13
7b892161-076a-4d45-9ca9-c358cbb06fac	Help Desk	14
3b1418cf-a750-4ef7-a988-b21d1fc000a5	Information Technology	15
e1b91a9f-bad0-4763-bb7d-343233af17b9	Knowledge Management	16
c473bdbe-a0cb-4fc6-b95d-b6b8c9b4bacb	Operations Management	17
7b0e203c-b373-4dcf-bbcd-9a874ca9094c	PMSO	18
9fb2e38f-8a87-4d25-aee1-f487150ff9b7	Program Manager	19
13ed1689-f388-47c6-9574-df77792b0ad3	Project Manager	20
f2fdf092-04ee-4070-a840-f74f2bcdc2b2	Publisher	21
798f9f26-8bcb-42ef-ad25-c4dab4e6fb2c	Quality Assurance/Tester	22
ede93fe6-ec71-40fe-bb8e-9d39437b63bd	Release Management	23
ea756b74-484c-465f-b922-1479b618c57a	Researcher	24
adadcfeb-8af8-4c88-b392-053896df177d	Senior Business Analyst	25
e8d995bd-07c6-49c4-a894-bd4de7df3dbf	Senior Project Manager	26
9003fc3b-85a0-401a-9203-679a62d6ecc8	Staff Assistant	27
3a1be46d-8d83-49f9-9ae4-b98d6bce989f	Supervisor	28
fb57f70b-9279-4604-9bea-f0280638426e	System Admin	29
eb9c8e2e-57d8-4c9e-b313-da211c891bff	Technical Operations	30
d8f7d5ff-99e3-4b2a-86a1-3d1c7a1d5a6f	Technical Writer	31
79ac26d9-2bb9-47ff-b7e2-ec55df470477	User Interface/User Experience	32
\.


--
-- Data for Name: users; Type: TABLE DATA; Schema: public; Owner: staffing_user
--

COPY public.users (id, caia_id, email, display_name, role, is_active, created_at, updated_at) FROM stdin;
b4cc0c8d-280c-4654-af11-211948d70735	ADMIN001	admin@treasury.gov	System Admin	admin	t	2026-03-21 00:30:59.283	2026-03-21 00:30:59.283
\.


--
-- Name: assignments assignments_pkey; Type: CONSTRAINT; Schema: public; Owner: staffing_user
--

ALTER TABLE ONLY public.assignments
    ADD CONSTRAINT assignments_pkey PRIMARY KEY (id);


--
-- Name: audit_logs audit_logs_pkey; Type: CONSTRAINT; Schema: public; Owner: staffing_user
--

ALTER TABLE ONLY public.audit_logs
    ADD CONSTRAINT audit_logs_pkey PRIMARY KEY (id);


--
-- Name: functional_areas functional_areas_pkey; Type: CONSTRAINT; Schema: public; Owner: staffing_user
--

ALTER TABLE ONLY public.functional_areas
    ADD CONSTRAINT functional_areas_pkey PRIMARY KEY (id);


--
-- Name: products products_pkey; Type: CONSTRAINT; Schema: public; Owner: staffing_user
--

ALTER TABLE ONLY public.products
    ADD CONSTRAINT products_pkey PRIMARY KEY (id);


--
-- Name: projects projects_pkey; Type: CONSTRAINT; Schema: public; Owner: staffing_user
--

ALTER TABLE ONLY public.projects
    ADD CONSTRAINT projects_pkey PRIMARY KEY (id);


--
-- Name: resources resources_pkey; Type: CONSTRAINT; Schema: public; Owner: staffing_user
--

ALTER TABLE ONLY public.resources
    ADD CONSTRAINT resources_pkey PRIMARY KEY (id);


--
-- Name: roles roles_pkey; Type: CONSTRAINT; Schema: public; Owner: staffing_user
--

ALTER TABLE ONLY public.roles
    ADD CONSTRAINT roles_pkey PRIMARY KEY (id);


--
-- Name: users users_pkey; Type: CONSTRAINT; Schema: public; Owner: staffing_user
--

ALTER TABLE ONLY public.users
    ADD CONSTRAINT users_pkey PRIMARY KEY (id);


--
-- Name: assignments_resource_id_project_id_role_id_key; Type: INDEX; Schema: public; Owner: staffing_user
--

CREATE UNIQUE INDEX assignments_resource_id_project_id_role_id_key ON public.assignments USING btree (resource_id, project_id, role_id);


--
-- Name: functional_areas_name_key; Type: INDEX; Schema: public; Owner: staffing_user
--

CREATE UNIQUE INDEX functional_areas_name_key ON public.functional_areas USING btree (name);


--
-- Name: products_name_key; Type: INDEX; Schema: public; Owner: staffing_user
--

CREATE UNIQUE INDEX products_name_key ON public.products USING btree (name);


--
-- Name: projects_name_product_id_key; Type: INDEX; Schema: public; Owner: staffing_user
--

CREATE UNIQUE INDEX projects_name_product_id_key ON public.projects USING btree (name, product_id);


--
-- Name: roles_name_key; Type: INDEX; Schema: public; Owner: staffing_user
--

CREATE UNIQUE INDEX roles_name_key ON public.roles USING btree (name);


--
-- Name: users_caia_id_key; Type: INDEX; Schema: public; Owner: staffing_user
--

CREATE UNIQUE INDEX users_caia_id_key ON public.users USING btree (caia_id);


--
-- Name: users_email_key; Type: INDEX; Schema: public; Owner: staffing_user
--

CREATE UNIQUE INDEX users_email_key ON public.users USING btree (email);


--
-- Name: assignments assignments_project_id_fkey; Type: FK CONSTRAINT; Schema: public; Owner: staffing_user
--

ALTER TABLE ONLY public.assignments
    ADD CONSTRAINT assignments_project_id_fkey FOREIGN KEY (project_id) REFERENCES public.projects(id) ON UPDATE CASCADE ON DELETE CASCADE;


--
-- Name: assignments assignments_resource_id_fkey; Type: FK CONSTRAINT; Schema: public; Owner: staffing_user
--

ALTER TABLE ONLY public.assignments
    ADD CONSTRAINT assignments_resource_id_fkey FOREIGN KEY (resource_id) REFERENCES public.resources(id) ON UPDATE CASCADE ON DELETE CASCADE;


--
-- Name: assignments assignments_role_id_fkey; Type: FK CONSTRAINT; Schema: public; Owner: staffing_user
--

ALTER TABLE ONLY public.assignments
    ADD CONSTRAINT assignments_role_id_fkey FOREIGN KEY (role_id) REFERENCES public.roles(id) ON UPDATE CASCADE ON DELETE SET NULL;


--
-- Name: audit_logs audit_logs_actor_id_fkey; Type: FK CONSTRAINT; Schema: public; Owner: staffing_user
--

ALTER TABLE ONLY public.audit_logs
    ADD CONSTRAINT audit_logs_actor_id_fkey FOREIGN KEY (actor_id) REFERENCES public.users(id) ON UPDATE CASCADE ON DELETE SET NULL;


--
-- Name: projects projects_product_id_fkey; Type: FK CONSTRAINT; Schema: public; Owner: staffing_user
--

ALTER TABLE ONLY public.projects
    ADD CONSTRAINT projects_product_id_fkey FOREIGN KEY (product_id) REFERENCES public.products(id) ON UPDATE CASCADE ON DELETE SET NULL;


--
-- Name: resources resources_functional_area_id_fkey; Type: FK CONSTRAINT; Schema: public; Owner: staffing_user
--

ALTER TABLE ONLY public.resources
    ADD CONSTRAINT resources_functional_area_id_fkey FOREIGN KEY (functional_area_id) REFERENCES public.functional_areas(id) ON UPDATE CASCADE ON DELETE SET NULL;


--
-- Name: resources resources_primary_role_id_fkey; Type: FK CONSTRAINT; Schema: public; Owner: staffing_user
--

ALTER TABLE ONLY public.resources
    ADD CONSTRAINT resources_primary_role_id_fkey FOREIGN KEY (primary_role_id) REFERENCES public.roles(id) ON UPDATE CASCADE ON DELETE SET NULL;


--
-- Name: resources resources_second_line_supervisor_id_fkey; Type: FK CONSTRAINT; Schema: public; Owner: staffing_user
--

ALTER TABLE ONLY public.resources
    ADD CONSTRAINT resources_second_line_supervisor_id_fkey FOREIGN KEY (second_line_supervisor_id) REFERENCES public.resources(id) ON UPDATE CASCADE ON DELETE SET NULL;


--
-- Name: resources resources_secondary_role_id_fkey; Type: FK CONSTRAINT; Schema: public; Owner: staffing_user
--

ALTER TABLE ONLY public.resources
    ADD CONSTRAINT resources_secondary_role_id_fkey FOREIGN KEY (secondary_role_id) REFERENCES public.roles(id) ON UPDATE CASCADE ON DELETE SET NULL;


--
-- Name: resources resources_supervisor_id_fkey; Type: FK CONSTRAINT; Schema: public; Owner: staffing_user
--

ALTER TABLE ONLY public.resources
    ADD CONSTRAINT resources_supervisor_id_fkey FOREIGN KEY (supervisor_id) REFERENCES public.resources(id) ON UPDATE CASCADE ON DELETE SET NULL;


--
-- Name: SCHEMA public; Type: ACL; Schema: -; Owner: staffing_user
--

REVOKE USAGE ON SCHEMA public FROM PUBLIC;


--
-- PostgreSQL database dump complete
--

\unrestrict Nz605cSa5j8fVv4HhuLkFZtXDfqEdpQPQehOH5k9Deo0qb1BWExeGUin4BEjc8J

